task,model,state,year,shift,acc_src,acc_drop,auc_drop,ap_drop,cov,pred,expl,n_target
income,logreg,CA,2015,temporal,0.7795,0.008874999999999966,0.003033019182727248,-0.030244596281668312,0.013208017462353672,0.023875,0.022651242092251778,8000
income,logreg,CA,2016,temporal,0.7795,0.005375000000000019,-0.0041362373756040904,-0.04467487539079229,0.012650579066119327,0.018375,0.023805703967809677,8000
income,logreg,CA,2017,temporal,0.7795,0.015374999999999917,0.003521135076377746,-0.05282742463281953,0.024063699159631913,0.026375,0.039883047342300415,8000
income,logreg,CA,2018,temporal,0.7795,0.024374999999999925,0.0065221573056464255,-0.0553626428603059,0.027339061512888563,0.0285,0.012162668630480766,8000
income,logreg,TX,2014,geographic,0.7795,0.0031249999999999334,0.008984149980612699,0.023734172609567006,0.10792091817904526,0.042875,0.04103215038776398,8000
income,logreg,TX,2015,combined,0.7795,0.009124999999999939,0.007376267504990874,-0.0016105768836895962,0.0734404109636988,0.031875,0.022169528529047966,8000
income,logreg,TX,2016,combined,0.7795,0.0021249999999999325,0.0001659035873069481,-0.010175379798024409,0.08373727335795866,0.034375,0.008752033114433289,8000
income,logreg,TX,2017,combined,0.7795,0.00737500000000002,0.011474601250063499,0.002619440115683047,0.08949909636393039,0.048625,0.013061175122857094,8000
income,logreg,TX,2018,combined,0.7795,0.016124999999999945,0.015269879640404493,-0.007936238840062781,0.08818691765425912,0.058125,0.07398578524589539,8000
income,logreg,NY,2014,geographic,0.7795,0.021749999999999936,0.019489180178790977,-0.008331068007704334,0.07222503516174394,0.048375,0.03324560448527336,8000
income,logreg,NY,2015,combined,0.7795,0.021625000000000005,0.01631222286866052,-0.009690391597553139,0.10106715426861701,0.047625,0.027327191084623337,8000
income,logreg,NY,2016,combined,0.7795,0.03462500000000002,0.025703200672127835,-0.01764637196739527,0.06874761872856872,0.065,0.0482436865568161,8000
income,logreg,NY,2017,combined,0.7795,0.02574999999999994,0.0148893780739916,-0.04472918688693228,0.07714173632578136,0.068,0.0274643711745739,8000
income,logreg,NY,2018,combined,0.7795,0.03649999999999998,0.0236645086564794,-0.03892677117496346,0.13079857662777195,0.070125,0.05213731527328491,8000
income,logreg,FL,2014,geographic,0.7795,0.017249999999999988,0.025959051003433875,0.0849695591359424,0.04785715625410303,0.055125,0.031871285289525986,8000
income,logreg,FL,2015,combined,0.7795,0.01849999999999996,0.018651886575090426,0.07014019581306441,0.08176726484094865,0.05975,0.03948664292693138,8000
income,logreg,FL,2016,combined,0.7795,0.014499999999999957,0.016647233953696716,0.05692182595609763,0.07419723760886265,0.05825,0.05096523463726044,8000
income,logreg,FL,2017,combined,0.7795,0.02937499999999993,0.034814284314914734,0.050106962534116395,0.09217389912954443,0.073125,0.02925664745271206,8000
income,logreg,FL,2018,combined,0.7795,0.03412499999999996,0.035161189099579104,0.03386807615790188,0.08595843100484446,0.076375,0.040511906147003174,8000
income,logreg,PA,2014,geographic,0.7795,0.0011249999999999316,0.013836312609799006,0.03490699794217733,0.08060350377189862,0.043,0.04698558151721954,8000
income,logreg,PA,2015,combined,0.7795,0.009375000000000022,0.013737843271954708,0.01609756673308982,0.08953946922665157,0.0515,0.056125082075595856,8000
income,logreg,PA,2016,combined,0.7795,0.022625000000000006,0.030329601366589354,0.04019609716431205,0.08342952374309331,0.0535,0.03081444650888443,8000
income,logreg,PA,2017,combined,0.7795,0.021374999999999922,0.024024600329950685,0.02006497250312589,0.09608040643229465,0.056,0.05148852616548538,8000
income,logreg,PA,2018,combined,0.7795,0.02487499999999998,0.022788284688144977,0.0038620041943807637,0.10323485703084989,0.054125,0.06541940569877625,8000
income,logreg,OH,2014,geographic,0.7795,-0.0068750000000000755,0.008595955565189994,0.05178428489434195,0.0832406966412651,0.031875,0.05450665205717087,8000
income,logreg,OH,2015,combined,0.7795,0.0,0.011667020879884915,0.03690799285980817,0.0971101674126984,0.040625,0.0657978504896164,8000
income,logreg,OH,2016,combined,0.7795,0.004249999999999976,0.010638307685629567,0.03324374146862186,0.10515943255092086,0.045,0.07386163622140884,8000
income,logreg,OH,2017,combined,0.7795,0.004874999999999963,0.008128204832482888,0.0018282330051883067,0.07910239074426717,0.050375,0.05321590229868889,8000
income,logreg,OH,2018,combined,0.7795,0.012499999999999956,0.007765945507456573,-0.02380050267097622,0.09318841025402547,0.057875,0.059651799499988556,8000
income,logreg,IL,2014,geographic,0.7795,0.015499999999999958,0.015541739234860796,0.009227765057053583,0.0716845421135528,0.06125,0.016500771045684814,8000
income,logreg,IL,2015,combined,0.7795,0.01824999999999999,0.014271496476922052,-0.0033531137695743674,0.10804729431742155,0.067,0.03595218062400818,8000
income,logreg,IL,2016,combined,0.7795,0.02200000000000002,0.01762246504696996,0.0015361618152427425,0.08432077700485618,0.069625,0.044658295810222626,8000
income,logreg,IL,2017,combined,0.7795,0.027000000000000024,0.01694338529357331,-0.020417629540840143,0.10275017579301982,0.0725,0.06181846559047699,8000
income,logreg,IL,2018,combined,0.7795,0.03587499999999999,0.025748744666123646,-0.017879060430994076,0.07465168746074857,0.074375,0.026341000571846962,8000
income,logreg,GA,2014,geographic,0.7795,0.0017499999999999183,0.0024932378350410733,0.03523081868691358,0.025189075630251967,0.051625,0.024311766028404236,8000
income,logreg,GA,2015,combined,0.7795,0.010874999999999968,0.013037651390112703,0.049164093519022845,0.033196436943272456,0.0485,0.034211162477731705,8000
income,logreg,GA,2016,combined,0.7795,0.005375000000000019,0.005841496736163854,0.0004280001329564076,0.0398199335176066,0.0615,0.04321561008691788,8000
income,logreg,GA,2017,combined,0.7795,0.01012499999999994,0.007010261498543446,-0.009426743592717668,0.0642207477876815,0.06175,0.03916926309466362,8000
income,logreg,GA,2018,combined,0.7795,0.01824999999999999,0.013411535645803552,-0.007151716589463897,0.08281145181450245,0.073875,0.03849852830171585,8000
income,logreg,NC,2014,geographic,0.7795,0.008624999999999994,0.0072968578292154085,0.051065748694098634,0.0496602556201764,0.057625,0.0333123505115509,8000
income,logreg,NC,2015,combined,0.7795,0.022374999999999923,0.01914404929723801,0.07386060452496535,0.0531967475625843,0.06825,0.031006120145320892,8000
income,logreg,NC,2016,combined,0.7795,0.015625,0.01300783638258085,0.03847236002904031,0.012793878704986827,0.0705,0.05135229229927063,8000
income,logreg,NC,2017,combined,0.7795,0.02949999999999997,0.028365622975846327,0.06309964179776328,0.06410860610909364,0.083,0.059597428888082504,8000
income,logreg,NC,2018,combined,0.7795,0.015625,0.016940041628502267,0.018848298737721203,0.044908872721818094,0.079125,0.03961165249347687,8000
income,logreg,WA,2014,geographic,0.7795,0.022625000000000006,0.01838828039239626,0.001895443371208172,0.07353204412817638,0.066875,0.04886005073785782,8000
income,logreg,WA,2015,combined,0.7795,0.03249999999999997,0.02373592123366075,-0.012227305089248741,0.04526905454591823,0.074125,0.06125062704086304,8000
income,logreg,WA,2016,combined,0.7795,0.023249999999999993,0.02336881291023818,-0.014023205967492292,0.04822885265395205,0.074625,0.044451795518398285,8000
income,logreg,WA,2017,combined,0.7795,0.041749999999999954,0.025887188497177083,-0.0367163598892557,0.06444606554030519,0.077625,0.038815200328826904,8000
income,logreg,WA,2018,combined,0.7795,0.03149999999999997,0.021112400128233344,-0.04706376451680638,0.05344025601440072,0.075625,0.039323870092630386,8000
income,logreg,AZ,2014,geographic,0.7795,0.016625,0.023904348109875517,0.06620422765696699,0.03758024999999998,0.03325,0.03915403038263321,8000
income,logreg,AZ,2015,combined,0.7795,0.00737500000000002,0.012918971815325087,0.04636501817558747,0.017281228122812298,0.0295,0.031248465180397034,8000
income,logreg,AZ,2016,combined,0.7795,0.010375000000000023,0.017342485500065008,0.05302003332334859,0.004718510616648963,0.035875,0.03419412299990654,8000
income,logreg,AZ,2017,combined,0.7795,0.002749999999999919,0.007244988732395097,0.019172266296959894,0.008064502002111729,0.027,0.02534257061779499,8000
income,logreg,AZ,2018,combined,0.7795,0.018000000000000016,0.019421312339998664,0.01657896944327031,0.019235312691961326,0.044125,0.07456739246845245,8000
income,logreg,MA,2014,geographic,0.7795,0.008874999999999966,-0.008595262632166256,-0.09039928635167127,0.15168972379204804,0.072375,0.04134274646639824,8000
income,logreg,MA,2015,combined,0.7795,0.011375000000000024,-0.007126703978661553,-0.08045480521688808,0.1500152503812595,0.069375,0.04177829995751381,8000
income,logreg,MA,2016,combined,0.7795,0.017000000000000015,-0.00046952771105446267,-0.0869383991333883,0.15537579844934513,0.0745,0.0499543771147728,8000
income,logreg,MA,2017,combined,0.7795,0.02300000000000002,0.0016175276141809913,-0.08490153457069904,0.18678192819281936,0.085125,0.07768281549215317,8000
income,logreg,MA,2018,combined,0.7795,0.029249999999999998,0.0038710481168002797,-0.10237281365735196,0.2135528542114169,0.102375,0.04010709747672081,8000
income,rf,CA,2015,temporal,0.784,0.00012500000000004174,0.0027633786778821223,-0.013875783414712961,0.013208017462353672,0.02175,0.015713159378664958,8000
income,rf,CA,2016,temporal,0.784,0.0002500000000000835,-0.0008252796047236721,-0.016652242921744942,0.012650579066119327,0.01475,0.02180466204342132,8000
income,rf,CA,2017,temporal,0.784,0.010000000000000009,0.007011871710018935,-0.024374823414112234,0.024063699159631913,0.028875,0.021317332336193737,8000
income,rf,CA,2018,temporal,0.784,0.01187500000000008,0.011887696714605323,-0.020741993274418835,0.027339061512888563,0.02375,0.011703238507975295,8000
income,rf,TX,2014,geographic,0.784,0.012624999999999997,0.022256517945812626,0.07100575078220583,0.10792091817904526,0.0365,0.028141395505296284,8000
income,rf,TX,2015,combined,0.784,0.014125000000000054,0.021328270069117417,0.051477057588170894,0.0734404109636988,0.02825,0.016951641341769047,8000
income,rf,TX,2016,combined,0.784,0.00462499999999999,0.011275375193954718,0.03386680820909882,0.08373727335795866,0.031,0.012839429004959577,8000
income,rf,TX,2017,combined,0.784,0.009875000000000078,0.01853333250196154,0.03793827196787991,0.08949909636393039,0.04275,0.02534120681390853,8000
income,rf,TX,2018,combined,0.784,0.02212500000000006,0.029082750434042515,0.04145428418795749,0.08818691765425912,0.04975,0.0462026859984926,8000
income,rf,NY,2014,geographic,0.784,0.020750000000000046,0.023345843430493174,0.011416887797650488,0.07222503516174394,0.034625,0.03184665163654661,8000
income,rf,NY,2015,combined,0.784,0.01475000000000004,0.022339342677447194,0.016048110162838358,0.10106715426861701,0.042125,0.017307494433069323,8000
income,rf,NY,2016,combined,0.784,0.03325,0.030735617428517603,0.01160216947895265,0.06874761872856872,0.059875,0.03384220378249465,8000
income,rf,NY,2017,combined,0.784,0.01737500000000003,0.01887852177454874,-0.012756097486536944,0.07714173632578136,0.054,0.02717360126482423,8000
income,rf,NY,2018,combined,0.784,0.027750000000000052,0.026292177352914337,-0.008864609921360067,0.13079857662777195,0.056,0.043438793527937676,8000
income,rf,FL,2014,geographic,0.784,0.02400000000000002,0.032097167543659766,0.11771320091735227,0.04785715625410303,0.05225,0.017948814306161708,8000
income,rf,FL,2015,combined,0.784,0.02400000000000002,0.030340820717455808,0.11335001003224798,0.08176726484094865,0.059875,0.03894995568293164,8000
income,rf,FL,2016,combined,0.784,0.024500000000000077,0.03371256027586922,0.11033399952818157,0.07419723760886265,0.059625,0.031539014562882904,8000
income,rf,FL,2017,combined,0.784,0.03500000000000003,0.0462653793202612,0.10009197131561598,0.09217389912954443,0.065,0.03326882614919301,8000
income,rf,FL,2018,combined,0.784,0.04200000000000004,0.04505153293409414,0.07947297074353954,0.08595843100484446,0.07575,0.028937855078519814,8000
income,rf,PA,2014,geographic,0.784,0.008624999999999994,0.023890143846063916,0.06361891320309088,0.08060350377189862,0.033625,0.03095310650411529,8000
income,rf,PA,2015,combined,0.784,0.014000000000000012,0.021663281645974086,0.037342952621010395,0.08953946922665157,0.04175,0.022016135702625138,8000
income,rf,PA,2016,combined,0.784,0.022249999999999992,0.03346630891989044,0.05914032398416347,0.08342952374309331,0.046375,0.011849801493690238,8000
income,rf,PA,2017,combined,0.784,0.018125000000000058,0.026898477118237896,0.049935816039854086,0.09608040643229465,0.046875,0.045380021348733555,8000
income,rf,PA,2018,combined,0.784,0.02124999999999999,0.026600716857593354,0.03096868328813318,0.10323485703084989,0.050125,0.046359028478075104,8000
income,rf,OH,2014,geographic,0.784,0.0002500000000000835,0.017283229619391216,0.08629763867488138,0.0832406966412651,0.022125,0.0360425822847588,8000
income,rf,OH,2015,combined,0.784,0.010249999999999981,0.020578418190830616,0.06836526713785018,0.0971101674126984,0.024875,0.05440072889122109,8000
income,rf,OH,2016,combined,0.784,0.009750000000000036,0.01991414967696692,0.06263423160859982,0.10515943255092086,0.03575,0.049369241497695594,8000
income,rf,OH,2017,combined,0.784,0.013624999999999998,0.019859500576777323,0.04204080250058606,0.07910239074426717,0.04475,0.04156903448432064,8000
income,rf,OH,2018,combined,0.784,0.01650000000000007,0.020489101276008448,0.02848435693657858,0.09318841025402547,0.047625,0.030981102996805454,8000
income,rf,IL,2014,geographic,0.784,0.017625000000000002,0.020193806213563703,0.03783472657787057,0.0716845421135528,0.043875,0.01304552031427995,8000
income,rf,IL,2015,combined,0.784,0.016249999999999987,0.017359483545227317,0.024028867940480758,0.10804729431742155,0.05125,0.030752352504571985,8000
income,rf,IL,2016,combined,0.784,0.02012500000000006,0.02215520643625757,0.02586462414319113,0.08432077700485618,0.057375,0.04239122235358763,8000
income,rf,IL,2017,combined,0.784,0.02124999999999999,0.02262874895965039,0.0130294987808105,0.10275017579301982,0.06375,0.04608206036962189,8000
income,rf,IL,2018,combined,0.784,0.03575000000000006,0.030047655107054094,0.004015894937778985,0.07465168746074857,0.066375,0.0228531524380093,8000
income,rf,GA,2014,geographic,0.784,0.008125000000000049,0.012447114391740843,0.07939947749864273,0.025189075630251967,0.04625,0.014004921893800586,8000
income,rf,GA,2015,combined,0.784,0.011750000000000038,0.022172078217907565,0.07926625383090102,0.033196436943272456,0.0505,0.018709865414766387,8000
income,rf,GA,2016,combined,0.784,0.017125000000000057,0.01951560487043158,0.04454450314664238,0.0398199335176066,0.062875,0.035785284540916625,8000
income,rf,GA,2017,combined,0.784,0.01100000000000001,0.01561894830597188,0.027731328910993835,0.0642207477876815,0.058,0.028077185639479755,8000
income,rf,GA,2018,combined,0.784,0.024249999999999994,0.02554065622993129,0.038884770501494303,0.08281145181450245,0.073,0.030011750124274955,8000
income,rf,NC,2014,geographic,0.784,0.008750000000000036,0.015481983800073262,0.1039330051173778,0.0496602556201764,0.047,0.037690092981815,8000
income,rf,NC,2015,combined,0.784,0.024125000000000063,0.03283292968865348,0.1148807137622343,0.0531967475625843,0.061375,0.02553459134576656,8000
income,rf,NC,2016,combined,0.784,0.023375000000000035,0.02461144721466546,0.09084929235790329,0.012793878704986827,0.060375,0.029187445270082518,8000
income,rf,NC,2017,combined,0.784,0.027125000000000066,0.03402697142619826,0.08517648045965853,0.06410860610909364,0.065,0.046905207770665376,8000
income,rf,NC,2018,combined,0.784,0.027000000000000024,0.026651139340784002,0.06110691848945704,0.044908872721818094,0.0705,0.036600284422232225,8000
income,rf,WA,2014,geographic,0.784,0.02212500000000006,0.022318322486731712,0.020636743264399793,0.07353204412817638,0.0485,0.038995781435659224,8000
income,rf,WA,2015,combined,0.784,0.02287499999999998,0.024078088710337675,0.003789167509849478,0.04526905454591823,0.05825,0.04261093408185539,8000
income,rf,WA,2016,combined,0.784,0.01637500000000003,0.02055152477521771,-0.0025107504423032,0.04822885265395205,0.05875,0.04402146355457776,8000
income,rf,WA,2017,combined,0.784,0.02562500000000001,0.02159174310727452,-0.015980615289938216,0.06444606554030519,0.0645,0.03770757280773597,8000
income,rf,WA,2018,combined,0.784,0.021874999999999978,0.0194081887064671,-0.0277078513200536,0.05344025601440072,0.066375,0.03111383880123451,8000
income,rf,AZ,2014,geographic,0.784,0.01650000000000007,0.032363011541565956,0.10467697649549157,0.03758024999999998,0.026625,0.030086693437694097,8000
income,rf,AZ,2015,combined,0.784,0.009875000000000078,0.022394768836744294,0.08416645339518769,0.017281228122812298,0.023375,0.023501690596090766,8000
income,rf,AZ,2016,combined,0.784,0.014500000000000068,0.030273113555617015,0.09817611064202059,0.004718510616648963,0.030375,0.03498203796781075,8000
income,rf,AZ,2017,combined,0.784,0.013249999999999984,0.022801205218147658,0.06809293470350786,0.008064502002111729,0.020125,0.02086560129700037,8000
income,rf,AZ,2018,combined,0.784,0.016125000000000056,0.02464903448209277,0.04740573429580486,0.019235312691961326,0.0375,0.04417462442097294,8000
income,rf,MA,2014,geographic,0.784,0.00012500000000004174,-0.002506298069927082,-0.04739275644590024,0.15168972379204804,0.062,0.033468278018031754,8000
income,rf,MA,2015,combined,0.784,0.0040000000000000036,-0.0020879693292185086,-0.050410123608607416,0.1500152503812595,0.060875,0.023372635793412193,8000
income,rf,MA,2016,combined,0.784,0.012125000000000052,0.003518942592240837,-0.0491917200638331,0.15537579844934513,0.068125,0.038625845826711636,8000
income,rf,MA,2017,combined,0.784,0.016625,0.006650949510026205,-0.053807998440054905,0.18678192819281936,0.07875,0.057117569399384345,8000
income,rf,MA,2018,combined,0.784,0.016125000000000056,0.006660230740566542,-0.06956837620605649,0.2135528542114169,0.097,0.02361606025202352,8000
income,xgb,CA,2015,temporal,0.7885,0.008375000000000021,0.0037656276693837087,-0.01714495385789494,0.013208017462353672,0.0205,0.01673829377712983,8000
income,xgb,CA,2016,temporal,0.7885,0.00275000000000003,-0.0012034695996979705,-0.02207548717999619,0.012650579066119327,0.013125,0.012528052948555215,8000
income,xgb,CA,2017,temporal,0.7885,0.009375000000000022,0.0058051883671215165,-0.030137807307542674,0.024063699159631913,0.0275,0.0099471652980153,8000
income,xgb,CA,2018,temporal,0.7885,0.015249999999999986,0.008227828076155852,-0.030792401497283794,0.027339061512888563,0.024,0.009414334331374216,8000
income,xgb,TX,2014,geographic,0.7885,0.013749999999999929,0.021192723060269425,0.05743980777315649,0.10792091817904526,0.035375,0.026713042998386175,8000
income,xgb,TX,2015,combined,0.7885,0.01387499999999997,0.02014199089755131,0.0456185539670495,0.0734404109636988,0.029125,0.015566120890695492,8000
income,xgb,TX,2016,combined,0.7885,0.008624999999999994,0.011411191715130276,0.02630464369811336,0.08373727335795866,0.028625,0.01837812977669435,8000
income,xgb,TX,2017,combined,0.7885,0.013749999999999929,0.0177884039451639,0.02927899995487926,0.08949909636393039,0.041125,0.020659820494787703,8000
income,xgb,TX,2018,combined,0.7885,0.026000000000000023,0.029385842841443965,0.037881252671552845,0.08818691765425912,0.05,0.03555994287075458,8000
income,xgb,NY,2014,geographic,0.7885,0.02200000000000002,0.021264615232822415,0.004134073114507308,0.07222503516174394,0.030375,0.04749763140667306,8000
income,xgb,NY,2015,combined,0.7885,0.02287499999999998,0.022496048190694062,0.012765692805258522,0.10106715426861701,0.03875,0.01661894029596912,8000
income,xgb,NY,2016,combined,0.7885,0.032625000000000015,0.028065019728019558,0.0014645559882313641,0.06874761872856872,0.06325,0.03580312604168696,8000
income,xgb,NY,2017,combined,0.7885,0.022625000000000006,0.019501368109960504,-0.016244389620085786,0.07714173632578136,0.050125,0.024970124228552493,8000
income,xgb,NY,2018,combined,0.7885,0.03137499999999993,0.025390523386289443,-0.013516608930222884,0.13079857662777195,0.055375,0.020512780052913935,8000
income,xgb,FL,2014,geographic,0.7885,0.02949999999999997,0.03155765318380366,0.10884042182474174,0.04785715625410303,0.0485,0.019082264259754574,8000
income,xgb,FL,2015,combined,0.7885,0.028249999999999997,0.027867496043514017,0.10036772459895593,0.08176726484094865,0.0545,0.03705691361461894,8000
income,xgb,FL,2016,combined,0.7885,0.02762500000000001,0.03017206977017317,0.09610987852007036,0.07419723760886265,0.0615,0.03484934158075876,8000
income,xgb,FL,2017,combined,0.7885,0.036250000000000004,0.04455139385671458,0.08955737622469839,0.09217389912954443,0.066625,0.024686926003418343,8000
income,xgb,FL,2018,combined,0.7885,0.04337499999999994,0.04138103723176023,0.0682576476034793,0.08595843100484446,0.072375,0.02788813757700042,8000
income,xgb,PA,2014,geographic,0.7885,0.009000000000000008,0.019703621681593786,0.05096848528513487,0.08060350377189862,0.030125,0.03832218631228202,8000
income,xgb,PA,2015,combined,0.7885,0.01824999999999999,0.019609640552634477,0.031502620261087966,0.08953946922665157,0.038875,0.03418086973072619,8000
income,xgb,PA,2016,combined,0.7885,0.026124999999999954,0.03004010954820291,0.05151511488783067,0.08342952374309331,0.040125,0.028430624289348626,8000
income,xgb,PA,2017,combined,0.7885,0.019000000000000017,0.025806852749054587,0.044653060666733135,0.09608040643229465,0.041875,0.03995229680190229,8000
income,xgb,PA,2018,combined,0.7885,0.024374999999999925,0.02531206285292653,0.02685806895287246,0.10323485703084989,0.046375,0.05168553982079965,8000
income,xgb,OH,2014,geographic,0.7885,0.00012499999999993072,0.013337532560582566,0.07168237787747578,0.0832406966412651,0.020625,0.03908725384108306,8000
income,xgb,OH,2015,combined,0.7885,0.009624999999999995,0.01832488247975117,0.05793994464879093,0.0971101674126984,0.024375,0.05213318414465747,8000
income,xgb,OH,2016,combined,0.7885,0.011249999999999982,0.018341811635253058,0.05494661875310647,0.10515943255092086,0.031875,0.04919835341531981,8000
income,xgb,OH,2017,combined,0.7885,0.016874999999999973,0.018722673829965175,0.03788361840243826,0.07910239074426717,0.04325,0.04844406172802211,8000
income,xgb,OH,2018,combined,0.7885,0.01849999999999996,0.019046282846837514,0.017660421022401396,0.09318841025402547,0.04925,0.038193959764308415,8000
income,xgb,IL,2014,geographic,0.7885,0.01737500000000003,0.016694559451481128,0.02630904870259476,0.0716845421135528,0.044,0.010017092615529015,8000
income,xgb,IL,2015,combined,0.7885,0.016625,0.01654223060183313,0.014884826340919144,0.10804729431742155,0.05075,0.0271170514919039,8000
income,xgb,IL,2016,combined,0.7885,0.023749999999999938,0.021026819751967074,0.02247912638181715,0.08432077700485618,0.05475,0.03299912508882974,8000
income,xgb,IL,2017,combined,0.7885,0.02312499999999995,0.02160354983192636,0.0070238249178223855,0.10275017579301982,0.0625,0.03612510642088808,8000
income,xgb,IL,2018,combined,0.7885,0.03887499999999999,0.029526166404146292,-0.0025871090106076577,0.07465168746074857,0.065125,0.015520266150153252,8000
income,xgb,GA,2014,geographic,0.7885,0.007124999999999937,0.008356106681840725,0.06419911322276561,0.025189075630251967,0.045375,0.014122021583318874,8000
income,xgb,GA,2015,combined,0.7885,0.018000000000000016,0.019091931867979084,0.06341425893698482,0.033196436943272456,0.0515,0.020132333926325227,8000
income,xgb,GA,2016,combined,0.7885,0.020625000000000004,0.01671080437257988,0.03319681551860221,0.0398199335176066,0.064125,0.03549557499021045,8000
income,xgb,GA,2017,combined,0.7885,0.01574999999999993,0.013756145726015467,0.019030441835001355,0.0642207477876815,0.060875,0.025566032979072957,8000
income,xgb,GA,2018,combined,0.7885,0.025000000000000022,0.02440598333782773,0.03419542831837863,0.08281145181450245,0.0725,0.027552847601534133,8000
income,xgb,NC,2014,geographic,0.7885,0.015375000000000028,0.013308066119484097,0.09347470418271642,0.0496602556201764,0.050125,0.03399651601077874,8000
income,xgb,NC,2015,combined,0.7885,0.029124999999999956,0.03193473246359446,0.11127422240241369,0.0531967475625843,0.058,0.026806951039533088,8000
income,xgb,NC,2016,combined,0.7885,0.029625000000000012,0.022625098706527402,0.07979590539361725,0.012793878704986827,0.05675,0.030999649085609933,8000
income,xgb,NC,2017,combined,0.7885,0.02849999999999997,0.030579908464175465,0.07041256346295333,0.06410860610909364,0.067,0.036321276676234325,8000
income,xgb,NC,2018,combined,0.7885,0.025124999999999953,0.025204421493461138,0.05171515989659892,0.044908872721818094,0.068375,0.025939719553372705,8000
income,xgb,WA,2014,geographic,0.7885,0.028124999999999956,0.021980921044210566,0.023272906843543106,0.07353204412817638,0.049875,0.035674070354033346,8000
income,xgb,WA,2015,combined,0.7885,0.026874999999999982,0.021252790519855957,-0.0016079175594527761,0.04526905454591823,0.061875,0.047804423913373445,8000
income,xgb,WA,2016,combined,0.7885,0.02012499999999995,0.01697393146558257,-0.008914242699629593,0.04822885265395205,0.05825,0.026462997134435524,8000
income,xgb,WA,2017,combined,0.7885,0.028249999999999997,0.019581827577019095,-0.01897457929830959,0.06444606554030519,0.0655,0.03426153679676186,8000
income,xgb,WA,2018,combined,0.7885,0.020749999999999935,0.01734481127268206,-0.03347857344289584,0.05344025601440072,0.064125,0.02153069767201955,8000
income,xgb,AZ,2014,geographic,0.7885,0.019499999999999962,0.029308096772920567,0.095924782385023,0.03758024999999998,0.024625,0.029344019000667732,8000
income,xgb,AZ,2015,combined,0.7885,0.01574999999999993,0.02253988125713602,0.08354155512699202,0.017281228122812298,0.019,0.030982952641747923,8000
income,xgb,AZ,2016,combined,0.7885,0.021749999999999936,0.029430530942044064,0.0905251518471013,0.004718510616648963,0.031,0.034715455506053206,8000
income,xgb,AZ,2017,combined,0.7885,0.015625,0.01953793502602108,0.0548682586924899,0.008064502002111729,0.022125,0.02330299848248691,8000
income,xgb,AZ,2018,combined,0.7885,0.019499999999999962,0.024572968691727204,0.0439059968949691,0.019235312691961326,0.03725,0.04713195903052555,8000
income,xgb,MA,2014,geographic,0.7885,0.005874999999999964,-0.004166773389084888,-0.052155521608893585,0.15168972379204804,0.059875,0.025872111778480037,8000
income,xgb,MA,2015,combined,0.7885,0.006249999999999978,-0.0024273041974611775,-0.05681801504776984,0.1500152503812595,0.060625,0.022260489563389402,8000
income,xgb,MA,2016,combined,0.7885,0.014000000000000012,0.0014896662795000903,-0.061524631168920596,0.15537579844934513,0.066125,0.02729685466470978,8000
income,xgb,MA,2017,combined,0.7885,0.019499999999999962,0.005082814630433918,-0.055902922239593145,0.18678192819281936,0.0785,0.04710099851954878,8000
income,xgb,MA,2018,combined,0.7885,0.021874999999999978,0.005539909187376568,-0.0771243191436185,0.2135528542114169,0.08975,0.02316803845882941,8000
pubcov,logreg,CA,2015,temporal,0.7485,0.05625000000000002,0.019078560129439093,-0.05586537202236763,0.0005227646496038796,0.012875,0.027501806616783142,8000
pubcov,logreg,CA,2016,temporal,0.7485,0.06362500000000004,0.009519014330315656,-0.07248840740363882,0.04466293848398584,0.011875,0.012873932719230652,8000
pubcov,logreg,CA,2017,temporal,0.7485,0.06762500000000005,0.033358907872999555,-0.044767381948086715,0.0321068565146877,0.017875,0.013211145997047424,8000
pubcov,logreg,CA,2018,temporal,0.7485,0.06000000000000005,0.023224138131990313,-0.05035940272411232,0.00639355754201798,0.01275,0.013460148125886917,8000
pubcov,logreg,TX,2014,geographic,0.7485,-0.08124999999999993,-0.049675124204616616,0.06609763549541481,0.09209040296692717,0.01775,0.022296667098999023,8000
pubcov,logreg,TX,2015,combined,0.7485,-0.08187499999999992,-0.05203116033962163,0.06079228093380801,0.07206678083176477,0.02025,0.01575269177556038,8000
pubcov,logreg,TX,2016,combined,0.7485,-0.07487499999999991,-0.02722885378053619,0.0770487371051406,0.06009769478704441,0.0225,0.0267532579600811,8000
pubcov,logreg,TX,2017,combined,0.7485,-0.0658749999999999,-0.03201069115383459,0.06919874133536652,0.060252306769023045,0.02025,0.023264095187187195,8000
pubcov,logreg,TX,2018,combined,0.7485,-0.07487499999999991,-0.03366445372213245,0.06936508631486327,0.06274257390338045,0.01975,0.01580844074487686,8000
pubcov,logreg,NY,2014,geographic,0.7485,0.03137500000000004,-0.003509613786249921,-0.09396304494920504,0.06526838174348559,0.01725,0.032568253576755524,8000
pubcov,logreg,NY,2015,combined,0.7485,0.054625000000000035,-0.0016433053576639933,-0.11419568573887073,0.09410009690087207,0.02325,0.018446005880832672,8000
pubcov,logreg,NY,2016,combined,0.7485,0.07325000000000004,0.014473502424590001,-0.10496390462208416,0.05460224999999985,0.0185,0.01576380431652069,8000
pubcov,logreg,NY,2017,combined,0.7485,0.06575000000000009,0.0014006819569409856,-0.12721855583100616,0.09304089788929604,0.025,0.02585289627313614,8000
pubcov,logreg,NY,2018,combined,0.7485,0.06700000000000006,0.010359592496302472,-0.11546506818462676,0.07882662688995046,0.025125,0.02520165592432022,8000
pubcov,logreg,FL,2014,geographic,0.7485,-0.056624999999999925,-0.032969261984470255,0.04222989575882047,0.11606446250240054,0.02325,0.038221027702093124,8000
pubcov,logreg,FL,2015,combined,0.7485,-0.040999999999999925,-0.025665499024612792,0.02954123057694985,0.13212663212663212,0.0275,0.04415946453809738,8000
pubcov,logreg,FL,2016,combined,0.7485,-0.04987499999999989,-0.02218375601852196,0.05013872838344757,0.14016554517060742,0.02875,0.030262432992458344,8000
pubcov,logreg,FL,2017,combined,0.7485,-0.04762499999999992,-0.03335953042654771,0.031919567261074144,0.13496995248049237,0.023375,0.027220793068408966,8000
pubcov,logreg,FL,2018,combined,0.7485,-0.05699999999999994,-0.03005963240507048,0.053041510617666876,0.13261991998041633,0.02075,0.030133306980133057,8000
pubcov,logreg,PA,2014,geographic,0.7485,-0.0684999999999999,-0.08573545207658562,-0.07180600521331515,0.11867886298790209,0.028625,0.045927926898002625,8000
pubcov,logreg,PA,2015,combined,0.7485,-0.04237499999999994,-0.06718431895956967,-0.07852611356957373,0.11489160417027611,0.03525,0.04876474291086197,8000
pubcov,logreg,PA,2016,combined,0.7485,-0.028249999999999997,-0.051320127245080394,-0.08706707858686524,0.11231944927779702,0.0335,0.04703216627240181,8000
pubcov,logreg,PA,2017,combined,0.7485,-0.019624999999999893,-0.055118178947538454,-0.09533478856324318,0.10794082227507285,0.0345,0.04837977886199951,8000
pubcov,logreg,PA,2018,combined,0.7485,-0.01862499999999989,-0.05259894856391878,-0.0963128256341419,0.10336888511945741,0.03925,0.04223872721195221,8000
pubcov,logreg,OH,2014,geographic,0.7485,-0.024124999999999952,-0.03900290210604507,-0.057640810122119523,0.1503668206055595,0.03875,0.06075366958975792,8000
pubcov,logreg,OH,2015,combined,0.7485,0.0002500000000000835,-0.03408728397849403,-0.08348779934759254,0.09747559702099196,0.04475,0.06085621938109398,8000
pubcov,logreg,OH,2016,combined,0.7485,0.007000000000000006,-0.03700477639440003,-0.10560915498139112,0.1598579271779279,0.045375,0.054587215185165405,8000
pubcov,logreg,OH,2017,combined,0.7485,0.01375000000000004,-0.026200627001034538,-0.09046417926208594,0.13301737827805238,0.04475,0.07180847972631454,8000
pubcov,logreg,OH,2018,combined,0.7485,0.0021250000000000435,-0.04745202859113784,-0.11035565979502882,0.12581584019445402,0.0525,0.05661461502313614,8000
pubcov,logreg,IL,2014,geographic,0.7485,-0.03299999999999992,-0.007174618613560946,0.011267158311325964,0.09813658384122514,0.053875,0.03685573488473892,8000
pubcov,logreg,IL,2015,combined,0.7485,-0.007999999999999896,-0.008233413976117876,-0.02529233514166873,0.08081257503001193,0.044,0.012870438396930695,8000
pubcov,logreg,IL,2016,combined,0.7485,0.0030000000000000027,-0.02843425209922701,-0.06689357749710945,0.1029351752943577,0.047375,0.03953541815280914,8000
pubcov,logreg,IL,2017,combined,0.7485,-0.004874999999999963,-0.018572540892539124,-0.039232388989754785,0.09353925000000007,0.045625,0.032918475568294525,8000
pubcov,logreg,IL,2018,combined,0.7485,-0.01112499999999994,-0.029525474911934024,-0.06181835266791569,0.12256562256562265,0.042375,0.04833769053220749,8000
pubcov,logreg,GA,2014,geographic,0.7485,-0.07237499999999997,-0.0620245901238462,0.027543213777189546,0.05823055823055823,0.034375,0.03855675458908081,8000
pubcov,logreg,GA,2015,combined,0.7485,-0.07474999999999998,-0.0662491712165858,0.010520910246391235,0.07340496403460595,0.034,0.0359385684132576,8000
pubcov,logreg,GA,2016,combined,0.7485,-0.06737499999999996,-0.05809010603642961,0.010119291698936439,0.03953691502804979,0.034625,0.04565633088350296,8000
pubcov,logreg,GA,2017,combined,0.7485,-0.06937499999999996,-0.05246161112255632,0.051562991065683794,0.08438240957366605,0.03,0.032872505486011505,8000
pubcov,logreg,GA,2018,combined,0.7485,-0.06599999999999995,-0.05136907370022137,0.030106853030487546,0.04453321253140041,0.034875,0.06312010437250137,8000
pubcov,logreg,NC,2014,geographic,0.7485,-0.06499999999999995,-0.08179823483409165,-0.03546111053968526,0.1488944333089286,0.0335,0.029308870434761047,8000
pubcov,logreg,NC,2015,combined,0.7485,-0.05262499999999992,-0.056838172474226956,-0.032137328331140025,0.1490997724585601,0.039625,0.03389611095190048,8000
pubcov,logreg,NC,2016,combined,0.7485,-0.03949999999999998,-0.06845018008418025,-0.05704664574716789,0.11502106670640311,0.042875,0.07461251318454742,8000
pubcov,logreg,NC,2017,combined,0.7485,-0.05137499999999995,-0.05995958115972744,-0.05105278694834625,0.10379610379610371,0.032625,0.028521455824375153,8000
pubcov,logreg,NC,2018,combined,0.7485,-0.05249999999999999,-0.0779558256406957,-0.06165052474537114,0.083540539533693,0.03275,0.043007418513298035,8000
pubcov,logreg,WA,2014,geographic,0.7485,-0.029249999999999998,-0.01642974743582226,-0.04423889500024425,0.1244587421441199,0.04825,0.032781876623630524,8000
pubcov,logreg,WA,2015,combined,0.7485,0.00912500000000005,-0.018265116311572904,-0.07765432797063054,0.12915420152965718,0.041375,0.030573923140764236,8000
pubcov,logreg,WA,2016,combined,0.7485,0.017000000000000015,-0.00915909634975931,-0.07007799037367946,0.14429533139647321,0.0285,0.020579718053340912,8000
pubcov,logreg,WA,2017,combined,0.7485,0.018125000000000058,-0.00688750190075893,-0.06639951255296839,0.12265786203053164,0.033125,0.01923186331987381,8000
pubcov,logreg,WA,2018,combined,0.7485,0.014250000000000096,-0.027332585176573,-0.08602597847793336,0.12012901290129019,0.031125,0.040427468717098236,8000
pubcov,logreg,AZ,2014,geographic,0.7485,0.004250000000000087,-0.007087945889623026,-0.016140535928530042,0.021921350741611834,0.03675,0.03320135921239853,8000
pubcov,logreg,AZ,2015,combined,0.7485,0.02937500000000004,-0.001320653345338485,-0.028544445426313514,0.005990849084908545,0.02975,0.03326549381017685,8000
pubcov,logreg,AZ,2016,combined,0.7485,0.027750000000000052,-0.002605442418716075,-0.04215188008159909,0.040970829659300545,0.0405,0.04120941832661629,8000
pubcov,logreg,AZ,2017,combined,0.7485,0.03575000000000006,0.005786855649076661,-0.03932722161316371,0.046494000000000035,0.0345,0.05885884165763855,8000
pubcov,logreg,AZ,2018,combined,0.7485,0.018500000000000072,-0.008173521975604281,-0.044050820159878046,0.060805041466734044,0.038125,0.04188036173582077,8000
pubcov,logreg,MA,2014,geographic,0.7485,0.01750000000000007,-0.023247921936949467,-0.11954289980786992,0.12054935975319192,0.050375,0.02970968186855316,8000
pubcov,logreg,MA,2015,combined,0.7485,0.025500000000000078,-0.03353043156287572,-0.14229648588126076,0.1344509255959636,0.038375,0.044708043336868286,8000
pubcov,logreg,MA,2016,combined,0.7485,0.03112500000000007,-0.02439617137285477,-0.12765314972658215,0.17708160676004225,0.038875,0.029897846281528473,8000
pubcov,logreg,MA,2017,combined,0.7485,0.026250000000000107,-0.02595526157494976,-0.11700812486949008,0.15874705422722313,0.035875,0.030423752963542938,8000
pubcov,logreg,MA,2018,combined,0.7485,0.01650000000000007,-0.03052953921427526,-0.12022599544586376,0.16169193224210465,0.030125,0.03136654943227768,8000
pubcov,rf,CA,2015,temporal,0.75275,0.06062500000000004,0.014573788943689658,-0.04993115723223085,0.0005227646496038796,0.025875,0.023448230064115894,8000
pubcov,rf,CA,2016,temporal,0.75275,0.06225000000000003,0.007505372962724133,-0.06949561067556365,0.04466293848398584,0.030125,0.02153211203243223,8000
pubcov,rf,CA,2017,temporal,0.75275,0.06962500000000005,0.029719545583935192,-0.04591229369099037,0.0321068565146877,0.01975,0.019291195486742074,8000
pubcov,rf,CA,2018,temporal,0.75275,0.0655,0.025874281850535197,-0.036334600309908094,0.00639355754201798,0.012625,0.008417158752782525,8000
pubcov,rf,TX,2014,geographic,0.75275,-0.06524999999999992,-0.04235883082014236,0.07458473213905648,0.09209040296692717,0.03525,0.041389403667875774,8000
pubcov,rf,TX,2015,combined,0.75275,-0.06574999999999998,-0.047002521584847745,0.07519715879093569,0.07206678083176477,0.036125,0.030747016801507265,8000
pubcov,rf,TX,2016,combined,0.75275,-0.05874999999999997,-0.024382677950317677,0.0874977559028769,0.06009769478704441,0.02975,0.0185252783025973,8000
pubcov,rf,TX,2017,combined,0.75275,-0.05687500000000001,-0.03231228439793177,0.08349987900317352,0.060252306769023045,0.032625,0.03074310161164527,8000
pubcov,rf,TX,2018,combined,0.75275,-0.06099999999999994,-0.03754654574536975,0.08935440725499155,0.06274257390338045,0.021125,0.01889965067874609,8000
pubcov,rf,NY,2014,geographic,0.75275,0.03212500000000007,-0.01001294856987378,-0.0826759454141629,0.06526838174348559,0.021125,0.027231972716741396,8000
pubcov,rf,NY,2015,combined,0.75275,0.05537500000000006,-0.0076738936038264205,-0.09969549649980958,0.09410009690087207,0.02725,0.01783042685041171,8000
pubcov,rf,NY,2016,combined,0.75275,0.072125,0.0032356556197077335,-0.10014800452664507,0.05460224999999985,0.01925,0.028044153954396633,8000
pubcov,rf,NY,2017,combined,0.75275,0.06625000000000003,-0.0027210776972942385,-0.12004023639993266,0.09304089788929604,0.0285,0.0322552258757416,8000
pubcov,rf,NY,2018,combined,0.75275,0.06412499999999999,0.003760376267967991,-0.11526892655295817,0.07882662688995046,0.0195,0.03153436627802729,8000
pubcov,rf,FL,2014,geographic,0.75275,-0.037374999999999936,-0.03370701665570652,0.04903739219483799,0.11606446250240054,0.04575,0.0495071523808676,8000
pubcov,rf,FL,2015,combined,0.75275,-0.028374999999999928,-0.025599216792122292,0.03320960067402057,0.13212663212663212,0.04225,0.04061166846602356,8000
pubcov,rf,FL,2016,combined,0.75275,-0.03462500000000002,-0.01698899037236623,0.06121446803307995,0.14016554517060742,0.039,0.044616985577521084,8000
pubcov,rf,FL,2017,combined,0.75275,-0.036250000000000004,-0.02903379207156276,0.05047787902023293,0.13496995248049237,0.028875,0.02447990777927732,8000
pubcov,rf,FL,2018,combined,0.75275,-0.03799999999999992,-0.019548662647355664,0.06516329286568362,0.13261991998041633,0.029125,0.04006567818574068,8000
pubcov,rf,PA,2014,geographic,0.75275,-0.060124999999999984,-0.07785361170918392,-0.05055113323841964,0.11867886298790209,0.029375,0.04434494162770916,8000
pubcov,rf,PA,2015,combined,0.75275,-0.03499999999999992,-0.060892849878232846,-0.05537329024741178,0.11489160417027611,0.039875,0.04127429262081643,8000
pubcov,rf,PA,2016,combined,0.75275,-0.025124999999999953,-0.04927310787404815,-0.08065955911179012,0.11231944927779702,0.033125,0.03709327285014867,8000
pubcov,rf,PA,2017,combined,0.75275,-0.014124999999999943,-0.050621292706927945,-0.07706287965083547,0.10794082227507285,0.030625,0.03712040503717784,8000
pubcov,rf,PA,2018,combined,0.75275,-0.015249999999999986,-0.04394579417735811,-0.0760720989335788,0.10336888511945741,0.028625,0.028291354957662038,8000
pubcov,rf,OH,2014,geographic,0.75275,-0.016374999999999917,-0.04703556846779655,-0.041327330788195615,0.1503668206055595,0.0415,0.05232161479224286,8000
pubcov,rf,OH,2015,combined,0.75275,0.0022500000000000853,-0.035244484210174565,-0.07801979527556935,0.09747559702099196,0.05775,0.04945883659917233,8000
pubcov,rf,OH,2016,combined,0.75275,0.008125000000000049,-0.038772705131842056,-0.10054034141016388,0.1598579271779279,0.05275,0.04229337866908117,8000
pubcov,rf,OH,2017,combined,0.75275,0.014000000000000012,-0.02779606419753189,-0.08443729971747505,0.13301737827805238,0.04175,0.058378889186181684,8000
pubcov,rf,OH,2018,combined,0.75275,0.005249999999999977,-0.04164679542469629,-0.10202174138630649,0.12581584019445402,0.049625,0.052313558751874156,8000
pubcov,rf,IL,2014,geographic,0.75275,-0.027000000000000024,-0.01875547372883213,0.013782223895831502,0.09813658384122514,0.027375,0.02897402746874557,8000
pubcov,rf,IL,2015,combined,0.75275,-0.0034999999999999476,-0.024491422099121918,-0.029197633923695676,0.08081257503001193,0.03,0.024463217751699406,8000
pubcov,rf,IL,2016,combined,0.75275,0.0015000000000000568,-0.029813461323660362,-0.059040666734787806,0.1029351752943577,0.024375,0.035982387607591135,8000
pubcov,rf,IL,2017,combined,0.75275,-0.004375000000000018,-0.02596547282326489,-0.03669642949705376,0.09353925000000007,0.031375,0.0341226095621516,8000
pubcov,rf,IL,2018,combined,0.75275,-0.007000000000000006,-0.040313037066854296,-0.05788321986797618,0.12256562256562265,0.02725,0.04628719796340307,8000
pubcov,rf,GA,2014,geographic,0.75275,-0.053875000000000006,-0.048228771195591325,0.060853990645492406,0.05823055823055823,0.0585,0.037623584492987486,8000
pubcov,rf,GA,2015,combined,0.75275,-0.05487500000000001,-0.054160158674309455,0.02815694254517409,0.07340496403460595,0.052625,0.037089268728371136,8000
pubcov,rf,GA,2016,combined,0.75275,-0.05725000000000002,-0.05674083492989268,0.02910665540858348,0.03953691502804979,0.04075,0.03125030437685829,8000
pubcov,rf,GA,2017,combined,0.75275,-0.05625000000000002,-0.043388475902992996,0.05298225406275253,0.08438240957366605,0.047,0.037544373398360587,8000
pubcov,rf,GA,2018,combined,0.75275,-0.053749999999999964,-0.044921342323376745,0.04069318833902158,0.04453321253140041,0.051875,0.04964189893026881,8000
pubcov,rf,NC,2014,geographic,0.75275,-0.051999999999999935,-0.08247908932385806,-0.02306316710198797,0.1488944333089286,0.036,0.03673553163913626,8000
pubcov,rf,NC,2015,combined,0.75275,-0.03925000000000001,-0.06139480863435076,-0.01445309531853789,0.1490997724585601,0.050125,0.030978646480995145,8000
pubcov,rf,NC,2016,combined,0.75275,-0.03025,-0.06557308914063442,-0.030317755540803293,0.11502106670640311,0.043875,0.06319159049385262,8000
pubcov,rf,NC,2017,combined,0.75275,-0.043625000000000025,-0.07017193553040002,-0.03835484394047717,0.10379610379610371,0.028875,0.029770584127659677,8000
pubcov,rf,NC,2018,combined,0.75275,-0.046875,-0.07271780789098947,-0.04651619015689945,0.083540539533693,0.033125,0.03476623089325753,8000
pubcov,rf,WA,2014,geographic,0.75275,-0.023249999999999993,-0.0314966546214146,-0.03755973054408002,0.1244587421441199,0.030375,0.04224003696344868,8000
pubcov,rf,WA,2015,combined,0.75275,0.019000000000000017,-0.019655524949879988,-0.06661878932593812,0.12915420152965718,0.02875,0.03008299360595508,8000
pubcov,rf,WA,2016,combined,0.75275,0.019000000000000017,-0.009566060164353574,-0.07123599794105884,0.14429533139647321,0.03375,0.03516495528749526,8000
pubcov,rf,WA,2017,combined,0.75275,0.02112500000000006,-0.01351169068146263,-0.06908528265752767,0.12265786203053164,0.031125,0.03309833438616849,8000
pubcov,rf,WA,2018,combined,0.75275,0.013875000000000082,-0.02661815404179435,-0.08152630142072448,0.12012901290129019,0.028,0.03774586244426559,8000
pubcov,rf,AZ,2014,geographic,0.75275,0.012125000000000052,-0.0043734703001026,-0.010571512171216657,0.021921350741611834,0.06725,0.028795541841739256,8000
pubcov,rf,AZ,2015,combined,0.75275,0.034499999999999975,-0.0007679644097775551,-0.03171856191030464,0.005990849084908545,0.06325,0.03270246054144996,8000
pubcov,rf,AZ,2016,combined,0.75275,0.03125,-0.000615295807338323,-0.03603127601431144,0.040970829659300545,0.065375,0.041601367959963484,8000
pubcov,rf,AZ,2017,combined,0.75275,0.038250000000000006,0.00356186426167715,-0.03548433340581525,0.046494000000000035,0.051375,0.05062946292772898,8000
pubcov,rf,AZ,2018,combined,0.75275,0.02112500000000006,-0.008144872954105487,-0.041392599388042184,0.060805041466734044,0.058,0.04412717860862535,8000
pubcov,rf,MA,2014,geographic,0.75275,0.021625000000000005,-0.03529813575788976,-0.11267474146910605,0.12054935975319192,0.063,0.02327819321710163,8000
pubcov,rf,MA,2015,combined,0.75275,0.026000000000000023,-0.038986479489323544,-0.12978294743217644,0.1344509255959636,0.059625,0.040262333709362816,8000
pubcov,rf,MA,2016,combined,0.75275,0.027750000000000052,-0.033322271342842824,-0.13051725609660092,0.17708160676004225,0.057625,0.025917989192256213,8000
pubcov,rf,MA,2017,combined,0.75275,0.020375000000000032,-0.03385883174029358,-0.12117577424021153,0.15874705422722313,0.06425,0.0202709093977501,8000
pubcov,rf,MA,2018,combined,0.75275,0.015625,-0.03766694299993889,-0.11710422279326427,0.16169193224210465,0.062625,0.034901463087656945,8000
pubcov,xgb,CA,2015,temporal,0.751,0.05862500000000004,0.0168922408831631,-0.04533275682046789,0.0005227646496038796,0.013875,0.027912124123611992,8000
pubcov,xgb,CA,2016,temporal,0.751,0.05700000000000005,0.004128868262482044,-0.06602323048248349,0.04466293848398584,0.018875,0.03931503622691154,8000
pubcov,xgb,CA,2017,temporal,0.751,0.06574999999999998,0.031850831916321765,-0.03776741989058985,0.0321068565146877,0.012375,0.03350233136991955,8000
pubcov,xgb,CA,2018,temporal,0.751,0.06237499999999996,0.024701523002954917,-0.03625607692034871,0.00639355754201798,0.018375,0.027062535888902672,8000
pubcov,xgb,TX,2014,geographic,0.751,-0.06625000000000003,-0.041025199293325265,0.08011547841754607,0.09209040296692717,0.025625,0.05913151495931715,8000
pubcov,xgb,TX,2015,combined,0.751,-0.06674999999999998,-0.045212571240929256,0.07753749674163501,0.07206678083176477,0.027375,0.04919680192525519,8000
pubcov,xgb,TX,2016,combined,0.751,-0.06425000000000003,-0.027475107464997928,0.08643487391944027,0.06009769478704441,0.023,0.030020466407227844,8000
pubcov,xgb,TX,2017,combined,0.751,-0.05874999999999997,-0.03124938197206717,0.08139918002691732,0.060252306769023045,0.027875,0.049769778145103236,8000
pubcov,xgb,TX,2018,combined,0.751,-0.06562500000000004,-0.031247998251891618,0.09329587945673035,0.06274257390338045,0.02125,0.03659337295886353,8000
pubcov,xgb,NY,2014,geographic,0.751,0.029000000000000026,-0.011418839670301884,-0.0805952640916493,0.06526838174348559,0.022375,0.029159898961873376,8000
pubcov,xgb,NY,2015,combined,0.751,0.05049999999999999,-0.00494466292723672,-0.09557937280422146,0.09410009690087207,0.0205,0.016413518341459793,8000
pubcov,xgb,NY,2016,combined,0.751,0.06174999999999997,0.003113479427388266,-0.09978456764333932,0.05460224999999985,0.018125,0.033028777455449534,8000
pubcov,xgb,NY,2017,combined,0.751,0.05812499999999998,-0.0024231924842145203,-0.12043795878761165,0.09304089788929604,0.027,0.027064309517559934,8000
pubcov,xgb,NY,2018,combined,0.751,0.05962500000000004,0.004594043847916618,-0.11017621569296554,0.07882662688995046,0.02025,0.040552595171616815,8000
pubcov,xgb,FL,2014,geographic,0.751,-0.040874999999999995,-0.03145687847733847,0.0632274280054439,0.11606446250240054,0.044625,0.06660905023283979,8000
pubcov,xgb,FL,2015,combined,0.751,-0.030749999999999944,-0.024090595735239306,0.04546312643892947,0.13212663212663212,0.033125,0.0555879707764448,8000
pubcov,xgb,FL,2016,combined,0.751,-0.03737500000000005,-0.016566968498224144,0.06547415208467511,0.14016554517060742,0.03075,0.05456964517200773,8000
pubcov,xgb,FL,2017,combined,0.751,-0.03774999999999995,-0.028056543557734015,0.05493296437574807,0.13496995248049237,0.028125,0.046019656416002724,8000
pubcov,xgb,FL,2018,combined,0.751,-0.04062500000000002,-0.020852896766001328,0.06899753762683286,0.13261991998041633,0.021375,0.04694459214071517,8000
pubcov,xgb,PA,2014,geographic,0.751,-0.06387500000000002,-0.07818490600342498,-0.05151145866287499,0.11867886298790209,0.019625,0.05332975459174191,8000
pubcov,xgb,PA,2015,combined,0.751,-0.03774999999999995,-0.06448113254011034,-0.056948232830078216,0.11489160417027611,0.03275,0.0592714670170361,8000
pubcov,xgb,PA,2016,combined,0.751,-0.029124999999999956,-0.04656507647817332,-0.07692845370195933,0.11231944927779702,0.027875,0.03880784923688284,8000
pubcov,xgb,PA,2017,combined,0.751,-0.022249999999999992,-0.05094360583935542,-0.07457719878384583,0.10794082227507285,0.024625,0.03928026831401582,8000
pubcov,xgb,PA,2018,combined,0.751,-0.016874999999999973,-0.04031446287827545,-0.07016403613319755,0.10336888511945741,0.025,0.029780751286366064,8000
pubcov,xgb,OH,2014,geographic,0.751,-0.027124999999999955,-0.050768377038942325,-0.04855315300652763,0.1503668206055595,0.041375,0.06460792621003242,8000
pubcov,xgb,OH,2015,combined,0.751,0.0,-0.03887028156135486,-0.07616825905379088,0.09747559702099196,0.050375,0.05445550233809636,8000
pubcov,xgb,OH,2016,combined,0.751,0.0014999999999999458,-0.042027705548638994,-0.1021476923660295,0.1598579271779279,0.04025,0.04844388828690188,8000
pubcov,xgb,OH,2017,combined,0.751,0.013000000000000012,-0.02582568747833469,-0.07500845396074085,0.13301737827805238,0.036625,0.06763415661471324,8000
pubcov,xgb,OH,2018,combined,0.751,-0.0004999999999999449,-0.044917685280771114,-0.10152106620011958,0.12581584019445402,0.047375,0.07011180938645827,8000
pubcov,xgb,IL,2014,geographic,0.751,-0.025249999999999995,-0.019111689047154545,0.016724612258950056,0.09813658384122514,0.024,0.03657756338582098,8000
pubcov,xgb,IL,2015,combined,0.751,-0.007750000000000035,-0.028077186330751847,-0.027329769793380865,0.08081257503001193,0.02725,0.02415480149733898,8000
pubcov,xgb,IL,2016,combined,0.751,-0.0016249999999999876,-0.03053069282446863,-0.056931833742089544,0.1029351752943577,0.023375,0.05085773834945127,8000
pubcov,xgb,IL,2017,combined,0.751,-0.0063750000000000195,-0.031518803398956186,-0.041513018464256146,0.09353925000000007,0.02925,0.04990144736419454,8000
pubcov,xgb,IL,2018,combined,0.751,-0.013375000000000026,-0.03731022531041406,-0.05223546528880407,0.12256562256562265,0.02425,0.05230055893713424,8000
pubcov,xgb,GA,2014,geographic,0.751,-0.05249999999999999,-0.04906071387541544,0.06004068396584539,0.05823055823055823,0.049875,0.05501242443651275,8000
pubcov,xgb,GA,2015,combined,0.751,-0.056625000000000036,-0.05573635229983509,0.03249518730682077,0.07340496403460595,0.044125,0.06347770443967077,8000
pubcov,xgb,GA,2016,combined,0.751,-0.059250000000000025,-0.05532346452232029,0.03173340497047328,0.03953691502804979,0.042,0.03482042740982222,8000
pubcov,xgb,GA,2017,combined,0.751,-0.053875000000000006,-0.04089710524846413,0.06392500285076558,0.08438240957366605,0.04,0.06353740974970226,8000
pubcov,xgb,GA,2018,combined,0.751,-0.05412499999999998,-0.04417078965887167,0.03817802151675875,0.04453321253140041,0.040875,0.06848742879990831,8000
pubcov,xgb,NC,2014,geographic,0.751,-0.06087500000000001,-0.08177630277305836,-0.024947302214571754,0.1488944333089286,0.034125,0.04877628214779374,8000
pubcov,xgb,NC,2015,combined,0.751,-0.04762500000000003,-0.06910442336209488,-0.02271911399368587,0.1490997724585601,0.04625,0.042549618190091565,8000
pubcov,xgb,NC,2016,combined,0.751,-0.03674999999999995,-0.06926274682086775,-0.0394693122015255,0.11502106670640311,0.039375,0.08517450600849134,8000
pubcov,xgb,NC,2017,combined,0.751,-0.04800000000000004,-0.06792432879212384,-0.03808597155932503,0.10379610379610371,0.023,0.052378423739343496,8000
pubcov,xgb,NC,2018,combined,0.751,-0.052749999999999964,-0.07168845227674092,-0.043451763700702695,0.083540539533693,0.025875,0.055856634525232,8000
pubcov,xgb,WA,2014,geographic,0.751,-0.026124999999999954,-0.03116253744065922,-0.03832260874984472,0.1244587421441199,0.022875,0.052838376272322185,8000
pubcov,xgb,WA,2015,combined,0.751,0.00924999999999998,-0.0217550987860905,-0.06720076602239622,0.12915420152965718,0.02625,0.03565729479159002,8000
pubcov,xgb,WA,2016,combined,0.751,0.011125000000000052,-0.01526724323945694,-0.07001711236965347,0.14429533139647321,0.0245,0.03824608099929597,8000
pubcov,xgb,WA,2017,combined,0.751,0.017124999999999946,-0.01604131049229862,-0.06664024098168286,0.12265786203053164,0.021,0.038084516489713255,8000
pubcov,xgb,WA,2018,combined,0.751,0.009375000000000022,-0.0288537596723496,-0.08290127317522655,0.12012901290129019,0.0175,0.05357301938002963,8000
pubcov,xgb,AZ,2014,geographic,0.751,0.007249999999999979,-0.007355189928942907,-0.007448033741440985,0.021921350741611834,0.058375,0.055252706308217436,8000
pubcov,xgb,AZ,2015,combined,0.751,0.033499999999999974,-0.00046984026363250386,-0.022848978425830557,0.005990849084908545,0.0545,0.05625934588737967,8000
pubcov,xgb,AZ,2016,combined,0.751,0.03200000000000003,0.0024241006543103127,-0.02623303817306133,0.040970829659300545,0.059,0.0643392331543071,8000
pubcov,xgb,AZ,2017,combined,0.751,0.03287499999999999,0.003819648242879503,-0.037783877424156675,0.046494000000000035,0.047,0.06749838240281576,8000
pubcov,xgb,AZ,2018,combined,0.751,0.01849999999999996,-0.004748822011199416,-0.039844827180450904,0.060805041466734044,0.0465,0.056722286433489255,8000
pubcov,xgb,MA,2014,geographic,0.751,0.010874999999999968,-0.03673305054713416,-0.11352434512575638,0.12054935975319192,0.058,0.02736068029006046,8000
pubcov,xgb,MA,2015,combined,0.751,0.016000000000000014,-0.039635248737394324,-0.1342958940822453,0.1344509255959636,0.062875,0.027773022643788822,8000
pubcov,xgb,MA,2016,combined,0.751,0.01849999999999996,-0.03460595360043961,-0.13329526445216178,0.17708160676004225,0.0505,0.022127341458356944,8000
pubcov,xgb,MA,2017,combined,0.751,0.012624999999999997,-0.03530387522045342,-0.12362505079988273,0.15874705422722313,0.062125,0.02467747045827963,8000
pubcov,xgb,MA,2018,combined,0.751,0.010000000000000009,-0.03217663362761658,-0.11422692105431986,0.16169193224210465,0.06625,0.024365975999837808,8000
mobility,logreg,CA,2015,temporal,0.77,0.0050000000000000044,0.002250750863095674,0.006790443764095433,0.014894003723500804,0.012,0.004563279449939728,8000
mobility,logreg,CA,2016,temporal,0.77,0.005125000000000046,0.005546872907331468,0.01251245032894499,0.041517340726149765,0.026375,0.025044217705726624,8000
mobility,logreg,CA,2017,temporal,0.77,0.005750000000000033,0.01160087805450416,0.01984386012988215,0.05129728302611358,0.023875,0.01975031942129135,8000
mobility,logreg,CA,2018,temporal,0.77,-0.0017500000000000293,0.004644111189145539,0.004431923124480375,0.06298328092997951,0.027375,0.014488738030195236,8000
mobility,logreg,TX,2014,geographic,0.77,0.05974999999999997,0.0023102094769054116,0.06231494017618533,0.15801554361124337,0.034875,0.01928946003317833,8000
mobility,logreg,TX,2015,combined,0.77,0.05812499999999998,0.001609245812658977,0.05373588960530851,0.170382931531726,0.03425,0.022275030612945557,8000
mobility,logreg,TX,2016,combined,0.77,0.04837500000000006,0.0045042749532511195,0.047016623381562095,0.16855754213938545,0.039625,0.022232532501220703,8000
mobility,logreg,TX,2017,combined,0.77,0.04375000000000007,-0.004055945662168936,0.037175792738201374,0.15904124400777508,0.042875,0.027703668922185898,8000
mobility,logreg,TX,2018,combined,0.77,0.04562500000000003,0.022884231306595115,0.0651110889926172,0.13526330434243494,0.03925,0.03779126703739166,8000
mobility,logreg,NY,2014,geographic,0.77,-0.026249999999999996,0.021053740835337287,-0.005035809258974844,0.11996149783425336,0.05675,0.013372328132390976,8000
mobility,logreg,NY,2015,combined,0.77,-0.016000000000000014,-0.0003410278105623332,-0.01348740512027169,0.1029291468663498,0.06275,0.011178970336914062,8000
mobility,logreg,NY,2016,combined,0.77,-0.016249999999999987,0.024787367332671173,0.003442956826138821,0.1740058815720491,0.0715,0.026316914707422256,8000
mobility,logreg,NY,2017,combined,0.77,-0.011749999999999927,0.015546628229550108,0.0055315557180718455,0.15462732046268712,0.069625,0.006953280419111252,8000
mobility,logreg,NY,2018,combined,0.77,-0.008624999999999994,-0.0002833248398980137,-0.002845434932581714,0.13942480769923082,0.06925,0.018584247678518295,8000
mobility,logreg,FL,2014,geographic,0.77,0.06362500000000004,0.04255072594517828,0.09517191402568081,0.04381680427547363,0.018375,0.0166710764169693,8000
mobility,logreg,FL,2015,combined,0.77,0.04749999999999999,0.025706026612967614,0.06458561107432026,0.07685794150978342,0.024,0.01701105758547783,8000
mobility,logreg,FL,2016,combined,0.77,0.05600000000000005,0.02199602427623515,0.06870598243651738,0.08247026026068816,0.01775,0.009246207773685455,8000
mobility,logreg,FL,2017,combined,0.77,0.04149999999999998,0.029231069789595998,0.0639512439774832,0.06615361536153608,0.019125,0.030457910150289536,8000
mobility,logreg,FL,2018,combined,0.77,0.04712499999999997,0.025818114589067687,0.06200545686500891,0.10495117477303673,0.02075,0.017799247056245804,8000
mobility,logreg,PA,2014,geographic,0.77,0.0016249999999999876,0.009896212163803098,0.012275425413468155,0.14100165889603966,0.06775,0.021545596420764923,8000
mobility,logreg,PA,2015,combined,0.77,0.017750000000000044,0.012332360100813067,0.031157491805550608,0.08129377032344243,0.073625,0.04842253401875496,8000
mobility,logreg,PA,2016,combined,0.77,0.012375000000000025,0.009768606276234215,0.021737115002001928,0.13912403478100854,0.06875,0.018975380808115005,8000
mobility,logreg,PA,2017,combined,0.77,0.030750000000000055,0.005962667256585341,0.03315151239404268,0.1697697658655839,0.082125,0.05080718919634819,8000
mobility,logreg,PA,2018,combined,0.77,0.029125000000000068,9.992017290616495e-05,0.03351883845980208,0.18284858019554795,0.07325,0.031599096953868866,8000
mobility,logreg,OH,2014,geographic,0.77,0.05337500000000006,0.016331828180581542,0.06400214019833361,0.12143507289140043,0.062875,0.0263921320438385,8000
mobility,logreg,OH,2015,combined,0.77,0.05812499999999998,-0.0071467699487788305,0.051839455485992114,0.12801084221955494,0.062375,0.04239482805132866,8000
mobility,logreg,OH,2016,combined,0.77,0.06374999999999997,0.002873231828117162,0.061795632770694886,0.1599658599231848,0.059875,0.03879157453775406,8000
mobility,logreg,OH,2017,combined,0.77,0.055749999999999966,-0.01487358276047912,0.05022749627452561,0.1573821140285263,0.066125,0.03647683933377266,8000
mobility,logreg,OH,2018,combined,0.77,0.048875,0.0013205228436986571,0.051791353733005474,0.14641558977436842,0.083375,0.03258936479687691,8000
mobility,logreg,IL,2014,geographic,0.77,0.039000000000000035,-0.005021499132597307,0.04389576762596015,0.12639516108260462,0.0655,0.017853308469057083,8000
mobility,logreg,IL,2015,combined,0.77,0.026499999999999968,0.000371962035097706,0.027202087054528312,0.1252310313077578,0.05925,0.030878890305757523,8000
mobility,logreg,IL,2016,combined,0.77,0.019874999999999976,0.007402408483780376,0.028407690376528016,0.16091775000000008,0.07175,0.02221772074699402,8000
mobility,logreg,IL,2017,combined,0.77,0.026499999999999968,0.014142377762827674,0.03467453424397027,0.15137494949818198,0.0685,0.030733853578567505,8000
mobility,logreg,IL,2018,combined,0.77,0.017000000000000015,0.009582665202593876,0.028449532641561803,0.16341928237666226,0.067875,0.027581285685300827,8000
mobility,logreg,GA,2014,geographic,0.77,0.06487500000000002,0.009081339729859916,0.07095607828810646,0.09094709094709108,0.026625,0.01345030590891838,8000
mobility,logreg,GA,2015,combined,0.77,0.04875000000000007,0.005776853095677437,0.045409806050114354,0.08200223802014217,0.034875,0.01651698350906372,8000
mobility,logreg,GA,2016,combined,0.77,0.080125,-0.0018740972408686218,0.07976622685519785,0.10879975111936258,0.0465,0.014596056193113327,8000
mobility,logreg,GA,2017,combined,0.77,0.053749999999999964,-0.0002506650423030887,0.05789728686025952,0.1347432836858209,0.043125,0.030667446553707123,8000
mobility,logreg,GA,2018,combined,0.77,0.04625000000000001,0.006392420258085285,0.048942603033239274,0.10461127615281907,0.04475,0.020226310938596725,8000
mobility,logreg,NC,2014,geographic,0.77,0.06625000000000003,-0.016244581652363643,0.05667437932166475,0.1340829740398588,0.08625,0.015135534107685089,8000
mobility,logreg,NC,2015,combined,0.77,0.07787500000000003,-0.006253424297597343,0.06874687952009306,0.10863949443886245,0.062375,0.014821931719779968,8000
mobility,logreg,NC,2016,combined,0.77,0.06237500000000007,0.00029059971553380137,0.06306881720908508,0.1206655301663826,0.072,0.03502070531249046,8000
mobility,logreg,NC,2017,combined,0.77,0.05774999999999997,-0.0005616439883311397,0.05699735684653484,0.1363447408545737,0.078125,0.02798531949520111,8000
mobility,logreg,NC,2018,combined,0.77,0.05500000000000005,-0.0023395485616596323,0.05588010883677941,0.13215703061240824,0.070375,0.024726390838623047,8000
mobility,logreg,WA,2014,geographic,0.77,0.08825000000000005,-0.0006081633169151557,0.08783227120446335,0.14240172768465653,0.05475,0.0290219746530056,8000
mobility,logreg,WA,2015,combined,0.77,0.09562500000000007,-0.0052478024214022145,0.08686587166601323,0.13932110785405039,0.049125,0.015961747616529465,8000
mobility,logreg,WA,2016,combined,0.77,0.09450000000000003,-0.004029270803699747,0.0874907344405067,0.14721542178699432,0.0565,0.019934073090553284,8000
mobility,logreg,WA,2017,combined,0.77,0.09387500000000004,-0.02566038233372181,0.07480926376272323,0.14214884752624157,0.05575,0.03406423330307007,8000
mobility,logreg,WA,2018,combined,0.77,0.08975,0.009999235163474562,0.08982089383028613,0.1705523052305229,0.0595,0.015287727117538452,8000
mobility,logreg,AZ,2014,geographic,0.77,0.078125,0.009832309031798325,0.0855632625443935,0.10233484562908024,0.023,0.021810777485370636,8000
mobility,logreg,AZ,2015,combined,0.77,0.07150000000000001,0.0026765369508777725,0.07563797613298806,0.06422277756444106,0.02,0.025086913257837296,8000
mobility,logreg,AZ,2016,combined,0.77,0.07262500000000005,0.013014164313191134,0.06952248104321834,0.10019760804478084,0.0155,0.041006408631801605,8000
mobility,logreg,AZ,2017,combined,0.77,0.07574999999999998,-0.014356739767418691,0.05832914070105544,0.12549278153801846,0.0215,0.023927249014377594,8000
mobility,logreg,AZ,2018,combined,0.77,0.05812499999999998,-0.007250259138024573,0.0414254107983959,0.09466515964820577,0.025,0.025853626430034637,8000
mobility,logreg,MA,2014,geographic,0.77,0.041750000000000065,0.008920239959196552,0.048265119157955616,0.21612725630776097,0.14625,0.02528289332985878,8000
mobility,logreg,MA,2015,combined,0.77,0.04437500000000005,0.004424845978291292,0.04648431790753704,0.21149780287445075,0.137375,0.022150468081235886,8000
mobility,logreg,MA,2016,combined,0.77,0.03849999999999998,0.00013467212356521596,0.040172922059721006,0.20876620876620877,0.1375,0.018763720989227295,8000
mobility,logreg,MA,2017,combined,0.77,0.05212499999999998,0.010672109568286348,0.06002585158437168,0.2327207736217407,0.13425,0.02028893306851387,8000
mobility,logreg,MA,2018,combined,0.77,0.03862500000000002,-0.0056186207657495935,0.036207673898229764,0.2479574476064279,0.142625,0.026478709653019905,8000
mobility,rf,CA,2015,temporal,0.766,0.009375000000000022,0.025440755984506236,0.015714225735426357,0.014894003723500804,0.01775,0.013223396670589867,8000
mobility,rf,CA,2016,temporal,0.766,0.003874999999999962,0.015509800599824874,0.013676310828459659,0.041517340726149765,0.02975,0.015169145165240872,8000
mobility,rf,CA,2017,temporal,0.766,0.007750000000000035,0.017409097957282627,0.019911696870085205,0.05129728302611358,0.018375,0.014669512816788077,8000
mobility,rf,CA,2018,temporal,0.766,0.002874999999999961,0.01320549439834029,0.0038939539942699497,0.06298328092997951,0.018875,0.01719350378092966,8000
mobility,rf,TX,2014,geographic,0.766,0.0595,0.011122134970624531,0.053765809113813456,0.15801554361124337,0.037,0.04775245584506232,8000
mobility,rf,TX,2015,combined,0.766,0.058250000000000024,0.01705163628041151,0.057019113553814726,0.170382931531726,0.033,0.030593939174825675,8000
mobility,rf,TX,2016,combined,0.766,0.04949999999999999,0.01315460192628426,0.04357106627285279,0.16855754213938545,0.03775,0.022975352158120833,8000
mobility,rf,TX,2017,combined,0.766,0.04675000000000007,0.020241220600477727,0.0413277588046832,0.15904124400777508,0.033125,0.01708758236444522,8000
mobility,rf,TX,2018,combined,0.766,0.05037500000000006,0.018601203202085248,0.05122665456681297,0.13526330434243494,0.033875,0.035849345218813215,8000
mobility,rf,NY,2014,geographic,0.766,-0.015625,0.03653865682387569,-0.005664212685295045,0.11996149783425336,0.039125,0.01414556698170949,8000
mobility,rf,NY,2015,combined,0.766,-0.009750000000000036,0.009292582411046024,-0.011411630445289256,0.1029291468663498,0.0385,0.01763986224339254,8000
mobility,rf,NY,2016,combined,0.766,-0.008750000000000036,0.020761051743014347,0.00017213601371879328,0.1740058815720491,0.03875,0.022369014993459398,8000
mobility,rf,NY,2017,combined,0.766,-0.004874999999999963,0.02171412627798186,0.004998723521528747,0.15462732046268712,0.0485,0.024041139343023425,8000
mobility,rf,NY,2018,combined,0.766,-0.0031249999999999334,0.012548159330879716,-0.0004343762427516662,0.13942480769923082,0.041875,0.016659031846752763,8000
mobility,rf,FL,2014,geographic,0.766,0.0635,0.018395226227724715,0.0658435886183446,0.04381680427547363,0.02275,0.017584201086952835,8000
mobility,rf,FL,2015,combined,0.766,0.04612499999999997,0.01806904631562367,0.0522324163578205,0.07685794150978342,0.037,0.023102405422343007,8000
mobility,rf,FL,2016,combined,0.766,0.05887500000000001,0.0166152259398743,0.0612853183066413,0.08247026026068816,0.03125,0.01227522486405315,8000
mobility,rf,FL,2017,combined,0.766,0.04337500000000005,0.023214697424405517,0.050780632420243554,0.06615361536153608,0.03275,0.026688096329362046,8000
mobility,rf,FL,2018,combined,0.766,0.04874999999999996,0.024011129307247137,0.053435336827104885,0.10495117477303673,0.03225,0.026586762601533274,8000
mobility,rf,PA,2014,geographic,0.766,0.003750000000000031,0.02780104142999673,0.01652719356517296,0.14100165889603966,0.03,0.017964744873535644,8000
mobility,rf,PA,2015,combined,0.766,0.021499999999999964,0.012635957117764773,0.01711266457691385,0.08129377032344243,0.04225,0.023442406030954398,8000
mobility,rf,PA,2016,combined,0.766,0.01475000000000004,0.02117717053192314,0.021108907000910948,0.13912403478100854,0.0415,0.0174474399682151,8000
mobility,rf,PA,2017,combined,0.766,0.031625000000000014,0.036295800025570646,0.04327151629688464,0.1697697658655839,0.053,0.022853209957204676,8000
mobility,rf,PA,2018,combined,0.766,0.032625000000000015,0.028006733398443173,0.037055175210100266,0.18284858019554795,0.0435,0.02201402684152673,8000
mobility,rf,OH,2014,geographic,0.766,0.056375000000000064,0.024213499113481807,0.0513439610274109,0.12143507289140043,0.045625,0.029167886986803872,8000
mobility,rf,OH,2015,combined,0.766,0.059250000000000025,0.02696420181816872,0.06304981393924858,0.12801084221955494,0.0455,0.028175586526761186,8000
mobility,rf,OH,2016,combined,0.766,0.06500000000000006,0.021602893390777367,0.060007696421823575,0.1599658599231848,0.047,0.0355320950194339,8000
mobility,rf,OH,2017,combined,0.766,0.05625000000000002,0.013570268640135441,0.04804344862281029,0.1573821140285263,0.046375,0.029503325066404976,8000
mobility,rf,OH,2018,combined,0.766,0.05074999999999996,0.03878865518501584,0.06062110525086606,0.14641558977436842,0.048875,0.01888654720204485,8000
mobility,rf,IL,2014,geographic,0.766,0.03562500000000002,0.005827994512003443,0.044369875639788336,0.12639516108260462,0.038625,0.01368223511977329,8000
mobility,rf,IL,2015,combined,0.766,0.028000000000000025,0.010868916506576731,0.022716518911936934,0.1252310313077578,0.03225,0.021207803104444756,8000
mobility,rf,IL,2016,combined,0.766,0.021874999999999978,0.019450539672969502,0.0290712187658988,0.16091775000000008,0.042875,0.01273281030627181,8000
mobility,rf,IL,2017,combined,0.766,0.030000000000000027,0.016137735878101966,0.026873152811514256,0.15137494949818198,0.046,0.011634195763717055,8000
mobility,rf,IL,2018,combined,0.766,0.020000000000000018,0.008759956181366046,0.022194760202229658,0.16341928237666226,0.04225,0.02330571057566383,8000
mobility,rf,GA,2014,geographic,0.766,0.06425000000000003,0.015361600966735223,0.06320745291482333,0.09094709094709108,0.038,0.026225773814906823,8000
mobility,rf,GA,2015,combined,0.766,0.05149999999999999,0.01687611536644784,0.04813945622325744,0.08200223802014217,0.047625,0.03313148650279819,8000
mobility,rf,GA,2016,combined,0.766,0.07999999999999996,0.006394284113648174,0.0728722585516195,0.10879975111936258,0.051375,0.0280492175257838,8000
mobility,rf,GA,2017,combined,0.766,0.05300000000000005,0.00991412291304683,0.05140345190989393,0.1347432836858209,0.051125,0.016281687525624783,8000
mobility,rf,GA,2018,combined,0.766,0.04525000000000001,0.01364891582892458,0.04585509797997944,0.10461127615281907,0.048375,0.03575599909757322,8000
mobility,rf,NC,2014,geographic,0.766,0.06600000000000006,0.013193610630805819,0.06062375842462653,0.1340829740398588,0.058375,0.03804794690006486,8000
mobility,rf,NC,2015,combined,0.766,0.07850000000000001,0.004420342657411425,0.0697841602892254,0.10863949443886245,0.050875,0.02117232905345913,8000
mobility,rf,NC,2016,combined,0.766,0.06225000000000003,0.0018393827103256877,0.05421748629080603,0.1206655301663826,0.051,0.03224639662907917,8000
mobility,rf,NC,2017,combined,0.766,0.0595,0.008177597241171397,0.053902415056616304,0.1363447408545737,0.054,0.028437171062856682,8000
mobility,rf,NC,2018,combined,0.766,0.05687500000000001,0.01040993903122045,0.048512655950826655,0.13215703061240824,0.055,0.03065173404500355,8000
mobility,rf,WA,2014,geographic,0.766,0.08687500000000004,0.017925098542619478,0.08988599858101509,0.14240172768465653,0.052375,0.00951683382074002,8000
mobility,rf,WA,2015,combined,0.766,0.09425000000000006,0.016771873587000163,0.09287654457331329,0.13932110785405039,0.039125,0.041120529170116084,8000
mobility,rf,WA,2016,combined,0.766,0.09387500000000004,0.023614316914733813,0.09414824875174477,0.14721542178699432,0.0525,0.029699654114708242,8000
mobility,rf,WA,2017,combined,0.766,0.08899999999999997,0.00957566532830445,0.08550211885525671,0.14214884752624157,0.039375,0.026466071232054945,8000
mobility,rf,WA,2018,combined,0.766,0.09237499999999998,0.032003454667017706,0.09640040464924204,0.1705523052305229,0.049625,0.016604456819930176,8000
mobility,rf,AZ,2014,geographic,0.766,0.07687500000000003,0.030632355227977026,0.08165113735878626,0.10233484562908024,0.02,0.03502491803472605,8000
mobility,rf,AZ,2015,combined,0.766,0.07200000000000006,0.016542698944459033,0.07190215039541559,0.06422277756444106,0.028625,0.04529673939946365,8000
mobility,rf,AZ,2016,combined,0.766,0.07300000000000006,0.03652442234859454,0.082200078592778,0.10019760804478084,0.023125,0.04760420819712042,8000
mobility,rf,AZ,2017,combined,0.766,0.07700000000000007,0.019567046146611644,0.07411113664908953,0.12549278153801846,0.033875,0.02503077635694189,8000
mobility,rf,AZ,2018,combined,0.766,0.060124999999999984,0.015571516146107856,0.04931297528417988,0.09466515964820577,0.041,0.020838126898520958,8000
mobility,rf,MA,2014,geographic,0.766,0.04412499999999997,0.011411618272341162,0.043605992925067616,0.21612725630776097,0.085875,0.022284361516433294,8000
mobility,rf,MA,2015,combined,0.766,0.04062500000000002,0.010431939464463413,0.051588878254591464,0.21149780287445075,0.071875,0.011789684267308274,8000
mobility,rf,MA,2016,combined,0.766,0.039874999999999994,0.0026918393567109122,0.036215632780130846,0.20876620876620877,0.08375,0.012715681250278402,8000
mobility,rf,MA,2017,combined,0.766,0.05800000000000005,0.012836650688866302,0.05442880882423151,0.2327207736217407,0.082125,0.02262202421265591,8000
mobility,rf,MA,2018,combined,0.766,0.037250000000000005,0.005366462944346617,0.04419616586414832,0.2479574476064279,0.080625,0.02418521890087815,8000
mobility,xgb,CA,2015,temporal,0.7625,0.007624999999999993,0.013875645344056942,0.009890349105974305,0.014894003723500804,0.0225,0.02803103743092228,8000
mobility,xgb,CA,2016,temporal,0.7625,0.00374999999999992,0.011265160112508221,0.01424177295820006,0.041517340726149765,0.01775,0.025992368513364984,8000
mobility,xgb,CA,2017,temporal,0.7625,0.006249999999999978,0.013352686417159587,0.019128583043664715,0.05129728302611358,0.016625,0.02313097148711505,8000
mobility,xgb,CA,2018,temporal,0.7625,-0.0003750000000000142,0.0038395327681777225,-0.0030171102731566535,0.06298328092997951,0.015125,0.020137029266781112,8000
mobility,xgb,TX,2014,geographic,0.7625,0.05912499999999998,0.006455542055069152,0.05469155337314957,0.15801554361124337,0.03075,0.03613558126640925,8000
mobility,xgb,TX,2015,combined,0.7625,0.055624999999999925,0.011803724103562008,0.05627504526216165,0.170382931531726,0.033,0.021352715089430506,8000
mobility,xgb,TX,2016,combined,0.7625,0.046624999999999917,0.006632578911696774,0.04454621832350414,0.16855754213938545,0.03225,0.014444950699987066,8000
mobility,xgb,TX,2017,combined,0.7625,0.042749999999999955,0.009460846079956564,0.044179637785612735,0.15904124400777508,0.03475,0.026645892412052882,8000
mobility,xgb,TX,2018,combined,0.7625,0.04574999999999996,0.014740377588909115,0.05398577163494789,0.13526330434243494,0.027125,0.03799261435699309,8000
mobility,xgb,NY,2014,geographic,0.7625,-0.016750000000000043,0.016180889543524257,-0.015341829273563423,0.11996149783425336,0.032875,0.019987111471373123,8000
mobility,xgb,NY,2015,combined,0.7625,-0.01200000000000001,0.00036919124602508013,-0.01648661630080772,0.1029291468663498,0.033375,0.00824915015086903,8000
mobility,xgb,NY,2016,combined,0.7625,-0.011250000000000093,0.017413530068581262,-0.000852977432938884,0.1740058815720491,0.02475,0.03131469559095507,8000
mobility,xgb,NY,2017,combined,0.7625,-0.008000000000000007,0.018389241824101954,0.002634931166844212,0.15462732046268712,0.042375,0.026799223281310937,8000
mobility,xgb,NY,2018,combined,0.7625,-0.0050000000000000044,0.006177171048534547,-0.004202151151837308,0.13942480769923082,0.0435,0.03174267249932047,8000
mobility,xgb,FL,2014,geographic,0.7625,0.0598749999999999,0.014755945997619868,0.06926283055011928,0.04381680427547363,0.028875,0.026287883932241303,8000
mobility,xgb,FL,2015,combined,0.7625,0.04112499999999997,0.01598716858599125,0.05228011984126868,0.07685794150978342,0.02675,0.027654583688395615,8000
mobility,xgb,FL,2016,combined,0.7625,0.05824999999999991,0.011418089449978797,0.05662642125422457,0.08247026026068816,0.02425,0.01811904452221349,8000
mobility,xgb,FL,2017,combined,0.7625,0.03837499999999994,0.01585928329004682,0.046866917079090964,0.06615361536153608,0.029625,0.03646273507008823,8000
mobility,xgb,FL,2018,combined,0.7625,0.046875,0.017662744907051775,0.049909756476207434,0.10495117477303673,0.03075,0.023802817683782444,8000
mobility,xgb,PA,2014,geographic,0.7625,0.0012499999999999734,0.019050567707041832,0.009574204472003633,0.14100165889603966,0.026625,0.026643883873531636,8000
mobility,xgb,PA,2015,combined,0.7625,0.019499999999999962,0.012383159955839607,0.01931630433614251,0.08129377032344243,0.03575,0.027238591558705214,8000
mobility,xgb,PA,2016,combined,0.7625,0.010749999999999926,0.01414497883725907,0.015010361128579564,0.13912403478100854,0.0335,0.028920693995059685,8000
mobility,xgb,PA,2017,combined,0.7625,0.030874999999999986,0.024283784957857435,0.04138377772873114,0.1697697658655839,0.04325,0.03373961438294204,8000
mobility,xgb,PA,2018,combined,0.7625,0.02849999999999997,0.023530040660814433,0.036122401117828495,0.18284858019554795,0.03925,0.03128909820747749,8000
mobility,xgb,OH,2014,geographic,0.7625,0.053749999999999964,0.014225374246006783,0.050325663208913074,0.12143507289140043,0.045375,0.035528803363806656,8000
mobility,xgb,OH,2015,combined,0.7625,0.052999999999999936,0.01251531226458158,0.06047134073947724,0.12801084221955494,0.039875,0.04921008678032387,8000
mobility,xgb,OH,2016,combined,0.7625,0.06299999999999994,0.023301794888165084,0.06543198784431148,0.1599658599231848,0.041625,0.039154950308900205,8000
mobility,xgb,OH,2017,combined,0.7625,0.05399999999999994,0.007885445890085774,0.046462513588324095,0.1573821140285263,0.042,0.03547437479599493,8000
mobility,xgb,OH,2018,combined,0.7625,0.04849999999999999,0.029607814610715266,0.05618332442587837,0.14641558977436842,0.0415,0.02055798313075588,8000
mobility,xgb,IL,2014,geographic,0.7625,0.03412499999999996,-0.0041641028579290085,0.036724742352020834,0.12639516108260462,0.037625,0.00985451895899541,8000
mobility,xgb,IL,2015,combined,0.7625,0.026374999999999926,0.007565970605540984,0.027052122711381466,0.1252310313077578,0.027875,0.02377200701089955,8000
mobility,xgb,IL,2016,combined,0.7625,0.017999999999999905,0.010619242581486388,0.02311632494484228,0.16091775000000008,0.043875,0.02110808812389963,8000
mobility,xgb,IL,2017,combined,0.7625,0.030749999999999944,0.018367101524446983,0.031921574846467515,0.15137494949818198,0.045125,0.024757418830873318,8000
mobility,xgb,IL,2018,combined,0.7625,0.01749999999999996,-0.0039091501079020485,0.016099925637919954,0.16341928237666226,0.04225,0.02131630642015947,8000
mobility,xgb,GA,2014,geographic,0.7625,0.0608749999999999,0.013048003528747798,0.0648635359740134,0.09094709094709108,0.032125,0.008266695844875382,8000
mobility,xgb,GA,2015,combined,0.7625,0.050249999999999906,0.016537362080186302,0.05193954173015869,0.08200223802014217,0.047125,0.018693124927294365,8000
mobility,xgb,GA,2016,combined,0.7625,0.07599999999999996,-6.955205244896234e-05,0.07091860403677841,0.10879975111936258,0.04875,0.034227377954238074,8000
mobility,xgb,GA,2017,combined,0.7625,0.05037499999999995,0.011755607018385517,0.054844161961457694,0.1347432836858209,0.036625,0.02342467336439389,8000
mobility,xgb,GA,2018,combined,0.7625,0.04225000000000001,0.0024424529731517097,0.039481002408255694,0.10461127615281907,0.04625,0.025508212505025198,8000
mobility,xgb,NC,2014,geographic,0.7625,0.06274999999999997,0.010652807119286178,0.06392405210104068,0.1340829740398588,0.059125,0.03452580956930079,8000
mobility,xgb,NC,2015,combined,0.7625,0.075125,0.008527355234090095,0.0785386010360054,0.10863949443886245,0.045875,0.038300115084564074,8000
mobility,xgb,NC,2016,combined,0.7625,0.05999999999999994,0.0018123343503168021,0.05633734182065386,0.1206655301663826,0.049625,0.04043897511664645,8000
mobility,xgb,NC,2017,combined,0.7625,0.057374999999999954,0.009294716392962643,0.057612412737015006,0.1363447408545737,0.048375,0.012108190596759258,8000
mobility,xgb,NC,2018,combined,0.7625,0.05349999999999999,0.008534010326058272,0.05405322998708595,0.13215703061240824,0.042625,0.01561756414809732,8000
mobility,xgb,WA,2014,geographic,0.7625,0.08374999999999999,0.014921004945817606,0.08957723879339574,0.14240172768465653,0.041,0.015864447953411853,8000
mobility,xgb,WA,2015,combined,0.7625,0.08999999999999997,0.012971504144213997,0.09555941917477595,0.13932110785405039,0.037375,0.032954006753658435,8000
mobility,xgb,WA,2016,combined,0.7625,0.08962499999999995,0.022876015638555125,0.0991061433522058,0.14721542178699432,0.048,0.022301688751480142,8000
mobility,xgb,WA,2017,combined,0.7625,0.08599999999999997,0.012251980844559474,0.09021675003417129,0.14214884752624157,0.034875,0.022908141593238514,8000
mobility,xgb,WA,2018,combined,0.7625,0.08899999999999997,0.02610133758949651,0.09450628746503054,0.1705523052305229,0.045,0.01585855369251892,8000
mobility,xgb,AZ,2014,geographic,0.7625,0.072125,0.021949873417322463,0.08115490019439342,0.10233484562908024,0.02125,0.027756577541961223,8000
mobility,xgb,AZ,2015,combined,0.7625,0.0675,0.012614322285543156,0.07150685975361015,0.06422277756444106,0.024125,0.029254426422527756,8000
mobility,xgb,AZ,2016,combined,0.7625,0.07237499999999997,0.028460657211859086,0.07961452088368359,0.10019760804478084,0.02275,0.052508548631907535,8000
mobility,xgb,AZ,2017,combined,0.7625,0.07324999999999993,0.017038243897362637,0.07624038416763446,0.12549278153801846,0.024875,0.02671872977869233,8000
mobility,xgb,AZ,2018,combined,0.7625,0.05449999999999999,0.015404591782520738,0.05248936609470389,0.09466515964820577,0.031125,0.020481282497626187,8000
mobility,xgb,MA,2014,geographic,0.7625,0.039999999999999925,0.0022988664201386566,0.03703549991959898,0.21612725630776097,0.082875,0.039683734574432084,8000
mobility,xgb,MA,2015,combined,0.7625,0.03937499999999994,-0.00045001547715772805,0.0412105315081982,0.21149780287445075,0.075625,0.02621507894034015,8000
mobility,xgb,MA,2016,combined,0.7625,0.035250000000000004,-0.0017777401845306962,0.03736803203801542,0.20876620876620877,0.080375,0.029555112792375937,8000
mobility,xgb,MA,2017,combined,0.7625,0.05424999999999991,0.004438607808141537,0.04944833121086345,0.2327207736217407,0.085875,0.035198295863918545,8000
mobility,xgb,MA,2018,combined,0.7625,0.03249999999999997,0.00048356769513191455,0.039971741863056964,0.2479574476064279,0.091875,0.0332753631192978,8000
