task,model,state,year,shift,atc,doc,acc_drop_check
income,logreg,CA,2015,temporal,0.015000000000000013,0.004940986633300781,0.008874999999999966
income,logreg,CA,2016,temporal,0.004749999999999921,0.003605067729949951,0.005375000000000019
income,logreg,CA,2017,temporal,0.008874999999999966,0.006579101085662842,0.015374999999999917
income,logreg,CA,2018,temporal,0.008874999999999966,0.006758570671081543,0.024374999999999925
income,logreg,TX,2014,geographic,0.01824999999999999,0.008418798446655273,0.0031249999999999334
income,logreg,TX,2015,combined,0.0063750000000000195,0.005466043949127197,0.009124999999999939
income,logreg,TX,2016,combined,0.015000000000000013,0.0063710808753967285,0.0021249999999999325
income,logreg,TX,2017,combined,0.021625000000000005,0.010103404521942139,0.00737500000000002
income,logreg,TX,2018,combined,0.02474999999999994,0.012875616550445557,0.016124999999999945
income,logreg,NY,2014,geographic,0.02287499999999998,0.014034628868103027,0.021749999999999936
income,logreg,NY,2015,combined,0.020749999999999935,0.01371544599533081,0.021625000000000005
income,logreg,NY,2016,combined,0.03125,0.017545759677886963,0.03462500000000002
income,logreg,NY,2017,combined,0.026000000000000023,0.018555939197540283,0.02574999999999994
income,logreg,NY,2018,combined,0.025499999999999967,0.018527567386627197,0.03649999999999998
income,logreg,FL,2014,geographic,0.029124999999999956,0.01828867197036743,0.017249999999999988
income,logreg,FL,2015,combined,0.030124999999999957,0.018558502197265625,0.01849999999999996
income,logreg,FL,2016,combined,0.02949999999999997,0.017376482486724854,0.014499999999999957
income,logreg,FL,2017,combined,0.02949999999999997,0.02284872531890869,0.02937499999999993
income,logreg,FL,2018,combined,0.03587499999999999,0.022691309452056885,0.03412499999999996
income,logreg,PA,2014,geographic,0.017874999999999974,0.013833880424499512,0.0011249999999999316
income,logreg,PA,2015,combined,0.020000000000000018,0.014010846614837646,0.009375000000000022
income,logreg,PA,2016,combined,0.029749999999999943,0.01850593090057373,0.022625000000000006
income,logreg,PA,2017,combined,0.03499999999999992,0.019930720329284668,0.021374999999999922
income,logreg,PA,2018,combined,0.021874999999999978,0.017272591590881348,0.02487499999999998
income,logreg,OH,2014,geographic,0.003874999999999962,0.00965869426727295,-0.0068750000000000755
income,logreg,OH,2015,combined,0.02400000000000002,0.015359878540039062,0.0
income,logreg,OH,2016,combined,0.025249999999999995,0.017319798469543457,0.004249999999999976
income,logreg,OH,2017,combined,0.03299999999999992,0.018884658813476562,0.004874999999999963
income,logreg,OH,2018,combined,0.03249999999999997,0.018850862979888916,0.012499999999999956
income,logreg,IL,2014,geographic,0.036374999999999935,0.019312024116516113,0.015499999999999958
income,logreg,IL,2015,combined,0.03412499999999996,0.019549965858459473,0.01824999999999999
income,logreg,IL,2016,combined,0.03799999999999992,0.022508859634399414,0.02200000000000002
income,logreg,IL,2017,combined,0.03387499999999999,0.02220088243484497,0.027000000000000024
income,logreg,IL,2018,combined,0.03674999999999995,0.02114945650100708,0.03587499999999999
income,logreg,GA,2014,geographic,0.018749999999999933,0.01384812593460083,0.0017499999999999183
income,logreg,GA,2015,combined,0.019874999999999976,0.01384645700454712,0.010874999999999968
income,logreg,GA,2016,combined,0.02112499999999995,0.016710400581359863,0.005375000000000019
income,logreg,GA,2017,combined,0.026499999999999968,0.015052378177642822,0.01012499999999994
income,logreg,GA,2018,combined,0.02774999999999994,0.01798933744430542,0.01824999999999999
income,logreg,NC,2014,geographic,0.029874999999999985,0.01796180009841919,0.008624999999999994
income,logreg,NC,2015,combined,0.03587499999999999,0.022083699703216553,0.022374999999999923
income,logreg,NC,2016,combined,0.032749999999999946,0.02040940523147583,0.015625
income,logreg,NC,2017,combined,0.04062500000000002,0.024294495582580566,0.02949999999999997
income,logreg,NC,2018,combined,0.027124999999999955,0.021745383739471436,0.015625
income,logreg,WA,2014,geographic,0.03774999999999995,0.020500123500823975,0.022625000000000006
income,logreg,WA,2015,combined,0.04037499999999994,0.02161705493927002,0.03249999999999997
income,logreg,WA,2016,combined,0.03499999999999992,0.021541953086853027,0.023249999999999993
income,logreg,WA,2017,combined,0.04049999999999998,0.023037970066070557,0.041749999999999954
income,logreg,WA,2018,combined,0.03887499999999999,0.02294480800628662,0.03149999999999997
income,logreg,AZ,2014,geographic,0.020874999999999977,0.011204957962036133,0.016625
income,logreg,AZ,2015,combined,0.016874999999999973,0.009933948516845703,0.00737500000000002
income,logreg,AZ,2016,combined,0.018874999999999975,0.011841416358947754,0.010375000000000023
income,logreg,AZ,2017,combined,0.02300000000000002,0.009856343269348145,0.002749999999999919
income,logreg,AZ,2018,combined,0.025499999999999967,0.014944970607757568,0.018000000000000016
income,logreg,MA,2014,geographic,0.016625,0.011335372924804688,0.008874999999999966
income,logreg,MA,2015,combined,0.012249999999999983,0.010444581508636475,0.011375000000000024
income,logreg,MA,2016,combined,0.013249999999999984,0.012428760528564453,0.017000000000000015
income,logreg,MA,2017,combined,0.01924999999999999,0.014357984066009521,0.02300000000000002
income,logreg,MA,2018,combined,0.01649999999999996,0.01834571361541748,0.029249999999999998
income,rf,CA,2015,temporal,0.01200000000000001,0.005579541858039105,0.00012500000000004174
income,rf,CA,2016,temporal,0.0035000000000000586,0.0025084972867840394,0.0002500000000000835
income,rf,CA,2017,temporal,0.014500000000000068,0.007784336310434514,0.010000000000000009
income,rf,CA,2018,temporal,0.004125000000000045,0.004279811885227192,0.01187500000000008
income,rf,TX,2014,geographic,0.02300000000000002,0.009570454104748438,0.012624999999999997
income,rf,TX,2015,combined,0.012375000000000025,0.006329593397436328,0.014125000000000054
income,rf,TX,2016,combined,0.009500000000000064,0.006683918341445105,0.00462499999999999
income,rf,TX,2017,combined,0.014249999999999985,0.009648926019113935,0.009875000000000078
income,rf,TX,2018,combined,0.017625000000000002,0.011853063029661381,0.02212500000000006
income,rf,NY,2014,geographic,0.01200000000000001,0.0073078295649915415,0.020750000000000046
income,rf,NY,2015,combined,0.016000000000000014,0.009991163730764363,0.01475000000000004
income,rf,NY,2016,combined,0.035250000000000004,0.014217955952910533,0.03325
income,rf,NY,2017,combined,0.024375000000000036,0.0122465215839207,0.01737500000000003
income,rf,NY,2018,combined,0.02375000000000005,0.013491616189058031,0.027750000000000052
income,rf,FL,2014,geographic,0.030000000000000027,0.01691688176053263,0.02400000000000002
income,rf,FL,2015,combined,0.03200000000000003,0.017939024749348165,0.02400000000000002
income,rf,FL,2016,combined,0.03587499999999999,0.018839346277391478,0.024500000000000077
income,rf,FL,2017,combined,0.04800000000000004,0.022701263650127146,0.03500000000000003
income,rf,FL,2018,combined,0.03649999999999998,0.021564511578948453,0.04200000000000004
income,rf,PA,2014,geographic,0.024625000000000008,0.01098902815561642,0.008624999999999994
income,rf,PA,2015,combined,0.030500000000000083,0.012770649321737881,0.014000000000000012
income,rf,PA,2016,combined,0.027125000000000066,0.01344609823014975,0.022249999999999992
income,rf,PA,2017,combined,0.029249999999999998,0.015700994920554656,0.018125000000000058
income,rf,PA,2018,combined,0.03025,0.014774973829953186,0.02124999999999999
income,rf,OH,2014,geographic,0.008500000000000063,0.002308327869973925,0.0002500000000000835
income,rf,OH,2015,combined,0.015750000000000042,0.007419921704494459,0.010249999999999981
income,rf,OH,2016,combined,0.017875000000000085,0.010059535489277516,0.009750000000000036
income,rf,OH,2017,combined,0.035499999999999976,0.015332351456424864,0.013624999999999998
income,rf,OH,2018,combined,0.028249999999999997,0.013707337093518346,0.01650000000000007
income,rf,IL,2014,geographic,0.021625000000000005,0.01041262822419664,0.017625000000000002
income,rf,IL,2015,combined,0.014125000000000054,0.010042161315260478,0.016249999999999987
income,rf,IL,2016,combined,0.025000000000000022,0.014290016808970019,0.02012500000000006
income,rf,IL,2017,combined,0.03287499999999999,0.0159953042133818,0.02124999999999999
income,rf,IL,2018,combined,0.027874999999999983,0.014905797117612973,0.03575000000000006
income,rf,GA,2014,geographic,0.02100000000000002,0.010035246386836949,0.008125000000000049
income,rf,GA,2015,combined,0.015000000000000013,0.010163396559849769,0.011750000000000038
income,rf,GA,2016,combined,0.016249999999999987,0.012959501000589624,0.017125000000000057
income,rf,GA,2017,combined,0.018000000000000016,0.012130352985622261,0.01100000000000001
income,rf,GA,2018,combined,0.03125,0.013731046577170058,0.024249999999999994
income,rf,NC,2014,geographic,0.02650000000000008,0.011343804280776859,0.008750000000000036
income,rf,NC,2015,combined,0.03675000000000006,0.01759124411008195,0.024125000000000063
income,rf,NC,2016,combined,0.02487499999999998,0.014587063271163103,0.023375000000000035
income,rf,NC,2017,combined,0.03600000000000003,0.01773791262061941,0.027125000000000066
income,rf,NC,2018,combined,0.03837500000000005,0.017182349797599472,0.027000000000000024
income,rf,WA,2014,geographic,0.02487499999999998,0.011807024403948874,0.02212500000000006
income,rf,WA,2015,combined,0.03225,0.01554501825269794,0.02287499999999998
income,rf,WA,2016,combined,0.024500000000000077,0.014381006044148714,0.01637500000000003
income,rf,WA,2017,combined,0.03037500000000004,0.014894840483895666,0.02562500000000001
income,rf,WA,2018,combined,0.03737500000000005,0.016737472745843585,0.021874999999999978
income,rf,AZ,2014,geographic,0.02587499999999998,0.009894006427617619,0.01650000000000007
income,rf,AZ,2015,combined,0.018625000000000003,0.006241864401080877,0.009875000000000078
income,rf,AZ,2016,combined,0.02112500000000006,0.009685877938407028,0.014500000000000068
income,rf,AZ,2017,combined,0.017750000000000044,0.005684578909256555,0.013249999999999984
income,rf,AZ,2018,combined,0.02575000000000005,0.01183253354931979,0.016125000000000056
income,rf,MA,2014,geographic,0.005875000000000075,0.002689978840962337,0.00012500000000004174
income,rf,MA,2015,combined,-0.0014999999999999458,0.0015563525605614137,0.0040000000000000036
income,rf,MA,2016,combined,0.007000000000000006,0.0044843849191289475,0.012125000000000052
income,rf,MA,2017,combined,0.004125000000000045,0.004545703517403132,0.016625
income,rf,MA,2018,combined,0.004249999999999976,0.007860938614860036,0.016125000000000056
income,xgb,CA,2015,temporal,0.011499999999999955,0.005331575870513916,0.008375000000000021
income,xgb,CA,2016,temporal,0.003375000000000017,0.0032131075859069824,0.00275000000000003
income,xgb,CA,2017,temporal,0.009499999999999953,0.007130861282348633,0.009375000000000022
income,xgb,CA,2018,temporal,0.006124999999999936,0.005112171173095703,0.015249999999999986
income,xgb,TX,2014,geographic,0.02300000000000002,0.008581995964050293,0.013749999999999929
income,xgb,TX,2015,combined,0.008749999999999925,0.004514515399932861,0.01387499999999997
income,xgb,TX,2016,combined,0.01387499999999997,0.005526065826416016,0.008624999999999994
income,xgb,TX,2017,combined,0.014375000000000027,0.009474337100982666,0.013749999999999929
income,xgb,TX,2018,combined,0.016625,0.010922133922576904,0.026000000000000023
income,xgb,NY,2014,geographic,0.011749999999999927,0.007582247257232666,0.02200000000000002
income,xgb,NY,2015,combined,0.023625000000000007,0.010421276092529297,0.02287499999999998
income,xgb,NY,2016,combined,0.03325,0.014636218547821045,0.032625000000000015
income,xgb,NY,2017,combined,0.024249999999999994,0.012411296367645264,0.022625000000000006
income,xgb,NY,2018,combined,0.02387499999999998,0.013898253440856934,0.03137499999999993
income,xgb,FL,2014,geographic,0.02774999999999994,0.01622605323791504,0.02949999999999997
income,xgb,FL,2015,combined,0.032625000000000015,0.017654478549957275,0.028249999999999997
income,xgb,FL,2016,combined,0.040874999999999995,0.019841134548187256,0.02762500000000001
income,xgb,FL,2017,combined,0.04337499999999994,0.02211374044418335,0.036250000000000004
income,xgb,FL,2018,combined,0.03037499999999993,0.021068453788757324,0.04337499999999994
income,xgb,PA,2014,geographic,0.028749999999999942,0.012516677379608154,0.009000000000000008
income,xgb,PA,2015,combined,0.02674999999999994,0.013426005840301514,0.01824999999999999
income,xgb,PA,2016,combined,0.027000000000000024,0.013519465923309326,0.026124999999999954
income,xgb,PA,2017,combined,0.032749999999999946,0.015851199626922607,0.019000000000000017
income,xgb,PA,2018,combined,0.025374999999999925,0.01412874460220337,0.024374999999999925
income,xgb,OH,2014,geographic,0.011499999999999955,0.00503164529800415,0.00012499999999993072
income,xgb,OH,2015,combined,0.02212499999999995,0.00895845890045166,0.009624999999999995
income,xgb,OH,2016,combined,0.02024999999999999,0.01080775260925293,0.011249999999999982
income,xgb,OH,2017,combined,0.03962500000000002,0.016338229179382324,0.016874999999999973
income,xgb,OH,2018,combined,0.037124999999999964,0.015676498413085938,0.01849999999999996
income,xgb,IL,2014,geographic,0.023499999999999965,0.011671125888824463,0.01737500000000003
income,xgb,IL,2015,combined,0.02400000000000002,0.012835085391998291,0.016625
income,xgb,IL,2016,combined,0.02587499999999998,0.014721095561981201,0.023749999999999938
income,xgb,IL,2017,combined,0.028749999999999942,0.016189396381378174,0.02312499999999995
income,xgb,IL,2018,combined,0.029000000000000026,0.016181111335754395,0.03887499999999999
income,xgb,GA,2014,geographic,0.014249999999999985,0.00979989767074585,0.007124999999999937
income,xgb,GA,2015,combined,0.011624999999999996,0.009303927421569824,0.018000000000000016
income,xgb,GA,2016,combined,0.02124999999999999,0.012543678283691406,0.020625000000000004
income,xgb,GA,2017,combined,0.014874999999999972,0.011582016944885254,0.01574999999999993
income,xgb,GA,2018,combined,0.030124999999999957,0.01373910903930664,0.025000000000000022
income,xgb,NC,2014,geographic,0.029249999999999998,0.012316405773162842,0.015375000000000028
income,xgb,NC,2015,combined,0.03437499999999993,0.016492486000061035,0.029124999999999956
income,xgb,NC,2016,combined,0.02112499999999995,0.013614177703857422,0.029625000000000012
income,xgb,NC,2017,combined,0.028874999999999984,0.016897499561309814,0.02849999999999997
income,xgb,NC,2018,combined,0.03187499999999999,0.01653808355331421,0.025124999999999953
income,xgb,WA,2014,geographic,0.027124999999999955,0.011716187000274658,0.028124999999999956
income,xgb,WA,2015,combined,0.035250000000000004,0.01647871732711792,0.026874999999999982
income,xgb,WA,2016,combined,0.030000000000000027,0.015143930912017822,0.02012499999999995
income,xgb,WA,2017,combined,0.029749999999999943,0.015978753566741943,0.028249999999999997
income,xgb,WA,2018,combined,0.03437499999999993,0.016421377658843994,0.020749999999999935
income,xgb,AZ,2014,geographic,0.019000000000000017,0.009118258953094482,0.019499999999999962
income,xgb,AZ,2015,combined,0.015124999999999944,0.0061945319175720215,0.01574999999999993
income,xgb,AZ,2016,combined,0.019749999999999934,0.008966624736785889,0.021749999999999936
income,xgb,AZ,2017,combined,0.013624999999999998,0.006070494651794434,0.015625
income,xgb,AZ,2018,combined,0.027374999999999927,0.012044191360473633,0.019499999999999962
income,xgb,MA,2014,geographic,0.007874999999999965,0.003058195114135742,0.005874999999999964
income,xgb,MA,2015,combined,0.0010000000000000009,0.002327263355255127,0.006249999999999978
income,xgb,MA,2016,combined,0.00924999999999998,0.004687190055847168,0.014000000000000012
income,xgb,MA,2017,combined,0.005750000000000033,0.006390094757080078,0.019499999999999962
income,xgb,MA,2018,combined,0.004750000000000032,0.008334696292877197,0.021874999999999978
pubcov,logreg,CA,2015,temporal,0.004375000000000018,0.0014392733573913574,0.05625000000000002
pubcov,logreg,CA,2016,temporal,0.0031250000000000444,0.001179814338684082,0.06362500000000004
pubcov,logreg,CA,2017,temporal,0.00912500000000005,0.00248032808303833,0.06762500000000005
pubcov,logreg,CA,2018,temporal,0.006000000000000005,0.0012503862380981445,0.06000000000000005
pubcov,logreg,TX,2014,geographic,0.00012500000000004174,0.00019723176956176758,-0.08124999999999993
pubcov,logreg,TX,2015,combined,0.0008750000000000702,0.0009558200836181641,-0.08187499999999992
pubcov,logreg,TX,2016,combined,0.002875000000000072,0.00031441450119018555,-0.07487499999999991
pubcov,logreg,TX,2017,combined,0.008500000000000063,0.0015774965286254883,-0.0658749999999999
pubcov,logreg,TX,2018,combined,0.0015000000000000568,0.0012682080268859863,-0.07487499999999991
pubcov,logreg,NY,2014,geographic,-0.011249999999999982,-0.0015141963958740234,0.03137500000000004
pubcov,logreg,NY,2015,combined,-0.016874999999999973,-0.0015780329704284668,0.054625000000000035
pubcov,logreg,NY,2016,combined,-0.009624999999999995,-0.0011878609657287598,0.07325000000000004
pubcov,logreg,NY,2017,combined,-0.004874999999999963,-0.0005682706832885742,0.06575000000000009
pubcov,logreg,NY,2018,combined,0.0008750000000000702,0.0003085136413574219,0.06700000000000006
pubcov,logreg,FL,2014,geographic,-0.011249999999999982,-0.0011950135231018066,-0.056624999999999925
pubcov,logreg,FL,2015,combined,-0.0044999999999999485,-0.00011783838272094727,-0.040999999999999925
pubcov,logreg,FL,2016,combined,-0.011624999999999996,-0.000573277473449707,-0.04987499999999989
pubcov,logreg,FL,2017,combined,-0.01674999999999993,-0.0026310086250305176,-0.04762499999999992
pubcov,logreg,FL,2018,combined,-0.004124999999999934,-0.001143336296081543,-0.05699999999999994
pubcov,logreg,PA,2014,geographic,-0.01937499999999992,-0.0027840137481689453,-0.0684999999999999
pubcov,logreg,PA,2015,combined,-0.012249999999999983,0.0003108978271484375,-0.04237499999999994
pubcov,logreg,PA,2016,combined,-0.015124999999999944,-0.0006647706031799316,-0.028249999999999997
pubcov,logreg,PA,2017,combined,-0.013624999999999998,-0.0009643435478210449,-0.019624999999999893
pubcov,logreg,PA,2018,combined,-0.004874999999999963,0.000947117805480957,-0.01862499999999989
pubcov,logreg,OH,2014,geographic,-0.020499999999999963,-0.0030102133750915527,-0.024124999999999952
pubcov,logreg,OH,2015,combined,-0.007624999999999993,-0.0006961822509765625,0.0002500000000000835
pubcov,logreg,OH,2016,combined,-0.0063749999999999085,-0.0009128451347351074,0.007000000000000006
pubcov,logreg,OH,2017,combined,-0.01112499999999994,-0.001611471176147461,0.01375000000000004
pubcov,logreg,OH,2018,combined,-0.004874999999999963,0.0005494356155395508,0.0021250000000000435
pubcov,logreg,IL,2014,geographic,-0.026374999999999926,-0.0077304840087890625,-0.03299999999999992
pubcov,logreg,IL,2015,combined,-0.027124999999999955,-0.006493687629699707,-0.007999999999999896
pubcov,logreg,IL,2016,combined,-0.02212499999999995,-0.005224943161010742,0.0030000000000000027
pubcov,logreg,IL,2017,combined,-0.021499999999999964,-0.0053730010986328125,-0.004874999999999963
pubcov,logreg,IL,2018,combined,-0.01649999999999996,-0.004906058311462402,-0.01112499999999994
pubcov,logreg,GA,2014,geographic,0.0007500000000000284,0.0009121894836425781,-0.07237499999999997
pubcov,logreg,GA,2015,combined,0.003375000000000017,0.0013382434844970703,-0.07474999999999998
pubcov,logreg,GA,2016,combined,0.0011250000000000426,3.4689903259277344e-05,-0.06737499999999996
pubcov,logreg,GA,2017,combined,0.008375000000000021,0.002319931983947754,-0.06937499999999996
pubcov,logreg,GA,2018,combined,0.008625000000000105,0.0026741623878479004,-0.06599999999999995
pubcov,logreg,NC,2014,geographic,-0.004999999999999893,-0.0012307167053222656,-0.06499999999999995
pubcov,logreg,NC,2015,combined,-0.008999999999999897,-0.0016934871673583984,-0.05262499999999992
pubcov,logreg,NC,2016,combined,-0.001374999999999904,0.0010286569595336914,-0.03949999999999998
pubcov,logreg,NC,2017,combined,-0.017249999999999988,-0.0019729137420654297,-0.05137499999999995
pubcov,logreg,NC,2018,combined,-0.01574999999999993,-0.0006883144378662109,-0.05249999999999999
pubcov,logreg,WA,2014,geographic,-0.018124999999999947,-0.005813658237457275,-0.029249999999999998
pubcov,logreg,WA,2015,combined,-0.013999999999999901,-0.004013419151306152,0.00912500000000005
pubcov,logreg,WA,2016,combined,-0.003374999999999906,-0.0014802217483520508,0.017000000000000015
pubcov,logreg,WA,2017,combined,-0.011749999999999927,-0.0029628872871398926,0.018125000000000058
pubcov,logreg,WA,2018,combined,-0.005374999999999908,-0.0015552043914794922,0.014250000000000096
pubcov,logreg,AZ,2014,geographic,0.01362500000000011,0.0037039518356323242,0.004250000000000087
pubcov,logreg,AZ,2015,combined,0.019750000000000045,0.004751026630401611,0.02937500000000004
pubcov,logreg,AZ,2016,combined,0.017125000000000057,0.005492210388183594,0.027750000000000052
pubcov,logreg,AZ,2017,combined,0.012625000000000108,0.004629671573638916,0.03575000000000006
pubcov,logreg,AZ,2018,combined,0.017875000000000085,0.0052124857902526855,0.018500000000000072
pubcov,logreg,MA,2014,geographic,-0.027374999999999927,-0.006427288055419922,0.01750000000000007
pubcov,logreg,MA,2015,combined,-0.03049999999999997,-0.005244016647338867,0.025500000000000078
pubcov,logreg,MA,2016,combined,-0.020749999999999935,-0.0028454065322875977,0.03112500000000007
pubcov,logreg,MA,2017,combined,-0.022499999999999964,-0.0038352012634277344,0.026250000000000107
pubcov,logreg,MA,2018,combined,-0.02012499999999995,-0.002736389636993408,0.01650000000000007
pubcov,rf,CA,2015,temporal,0.010750000000000037,0.004966398216933232,0.06062500000000004
pubcov,rf,CA,2016,temporal,-0.010249999999999981,-0.0017795801318856164,0.06225000000000003
pubcov,rf,CA,2017,temporal,0.0017500000000000293,0.002345967455756104,0.06962500000000005
pubcov,rf,CA,2018,temporal,-0.003249999999999975,-0.0010210236792977945,0.0655
pubcov,rf,TX,2014,geographic,0.008000000000000007,0.007462766884937189,-0.06524999999999992
pubcov,rf,TX,2015,combined,0.008875000000000077,0.008174653039999202,-0.06574999999999998
pubcov,rf,TX,2016,combined,0.006125000000000047,0.00566665614292805,-0.05874999999999997
pubcov,rf,TX,2017,combined,0.006750000000000034,0.006214575195806149,-0.05687500000000001
pubcov,rf,TX,2018,combined,-0.0004999999999999449,0.0038835464343863757,-0.06099999999999994
pubcov,rf,NY,2014,geographic,-0.00737500000000002,-0.0036965859496470577,0.03212500000000007
pubcov,rf,NY,2015,combined,-0.015374999999999917,-0.004598731012422919,0.05537500000000006
pubcov,rf,NY,2016,combined,-0.013749999999999929,-0.0041636743992875536,0.072125
pubcov,rf,NY,2017,combined,-0.005749999999999922,-0.005025611020897824,0.06625000000000003
pubcov,rf,NY,2018,combined,-0.016249999999999987,-0.005905095961145634,0.06412499999999999
pubcov,rf,FL,2014,geographic,0.007000000000000006,0.0031783227612413034,-0.037374999999999936
pubcov,rf,FL,2015,combined,0.005750000000000033,0.0037959510827855203,-0.028374999999999928
pubcov,rf,FL,2016,combined,-0.0024999999999999467,0.0031007385433590162,-0.03462500000000002
pubcov,rf,FL,2017,combined,-0.010375000000000023,-0.0012957262238356693,-0.036250000000000004
pubcov,rf,FL,2018,combined,-0.005499999999999949,0.0008357998086150342,-0.03799999999999992
pubcov,rf,PA,2014,geographic,-0.024249999999999994,-0.003571513795329606,-0.060124999999999984
pubcov,rf,PA,2015,combined,-0.015000000000000013,-0.003620683608200448,-0.03499999999999992
pubcov,rf,PA,2016,combined,-0.02112499999999995,-0.004144339734372671,-0.025124999999999953
pubcov,rf,PA,2017,combined,-0.01824999999999999,-0.005116973019130278,-0.014124999999999943
pubcov,rf,PA,2018,combined,-0.02587499999999998,-0.00540465897428577,-0.015249999999999986
pubcov,rf,OH,2014,geographic,-0.012124999999999941,0.0010735189122949018,-0.016374999999999917
pubcov,rf,OH,2015,combined,0.0022500000000000853,0.0025999368310535287,0.0022500000000000853
pubcov,rf,OH,2016,combined,-0.005624999999999991,0.0011193360910088934,0.008125000000000049
pubcov,rf,OH,2017,combined,-0.01737499999999992,-0.0024065572857806528,0.014000000000000012
pubcov,rf,OH,2018,combined,-0.014249999999999985,-0.0006985075039370736,0.005249999999999977
pubcov,rf,IL,2014,geographic,-0.014374999999999916,-0.0041561097933539015,-0.027000000000000024
pubcov,rf,IL,2015,combined,-0.013000000000000012,-0.004073348517858233,-0.0034999999999999476
pubcov,rf,IL,2016,combined,-0.018000000000000016,-0.003131168360078984,0.0015000000000000568
pubcov,rf,IL,2017,combined,-0.018000000000000016,-0.005412641059431067,-0.004375000000000018
pubcov,rf,IL,2018,combined,-0.014874999999999972,-0.005885178802290225,-0.007000000000000006
pubcov,rf,GA,2014,geographic,0.016750000000000043,0.0063487593916110585,-0.053875000000000006
pubcov,rf,GA,2015,combined,0.01650000000000007,0.00605598785023731,-0.05487500000000001
pubcov,rf,GA,2016,combined,0.004750000000000032,0.0029770546804478437,-0.05725000000000002
pubcov,rf,GA,2017,combined,0.01287500000000008,0.005782448903667969,-0.05625000000000002
pubcov,rf,GA,2018,combined,0.01375000000000004,0.005883834418870082,-0.053749999999999964
pubcov,rf,NC,2014,geographic,0.0,-0.000763539268020752,-0.051999999999999935
pubcov,rf,NC,2015,combined,-0.003249999999999975,-0.00011037228277865907,-0.03925000000000001
pubcov,rf,NC,2016,combined,-0.008375000000000021,-0.0006142687652112011,-0.03025
pubcov,rf,NC,2017,combined,-0.02312499999999995,-0.004411780001294829,-0.043625000000000025
pubcov,rf,NC,2018,combined,-0.010000000000000009,-0.0013712720450478333,-0.046875
pubcov,rf,WA,2014,geographic,-0.0044999999999999485,-0.0025180320412138135,-0.023249999999999993
pubcov,rf,WA,2015,combined,0.0035000000000000586,-0.0014660870910230273,0.019000000000000017
pubcov,rf,WA,2016,combined,-0.0017499999999999183,-0.0019320537752601785,0.019000000000000017
pubcov,rf,WA,2017,combined,-0.003874999999999962,-0.00386854957057281,0.02112500000000006
pubcov,rf,WA,2018,combined,-0.0024999999999999467,-0.0032352178728050074,0.013875000000000082
pubcov,rf,AZ,2014,geographic,0.03575000000000006,0.013273578039274758,0.012125000000000052
pubcov,rf,AZ,2015,combined,0.03787499999999999,0.013645695801462132,0.034499999999999975
pubcov,rf,AZ,2016,combined,0.02862500000000001,0.01093776605083574,0.03125
pubcov,rf,AZ,2017,combined,0.022750000000000048,0.011379995417471367,0.038250000000000006
pubcov,rf,AZ,2018,combined,0.020500000000000074,0.00990490941701705,0.02112500000000006
pubcov,rf,MA,2014,geographic,-0.03337499999999993,-0.01589052808783875,0.021625000000000005
pubcov,rf,MA,2015,combined,-0.03587499999999999,-0.014977590535131924,0.026000000000000023
pubcov,rf,MA,2016,combined,-0.03025,-0.015566779747417825,0.027750000000000052
pubcov,rf,MA,2017,combined,-0.04425000000000001,-0.01802527535515197,0.020375000000000032
pubcov,rf,MA,2018,combined,-0.04162500000000002,-0.017298992077417696,0.015625
pubcov,xgb,CA,2015,temporal,-0.005125000000000046,0.0028867721557617188,0.05862500000000004
pubcov,xgb,CA,2016,temporal,-0.021375000000000033,-0.0036035776138305664,0.05700000000000005
pubcov,xgb,CA,2017,temporal,-0.012624999999999997,0.00018292665481567383,0.06574999999999998
pubcov,xgb,CA,2018,temporal,-0.01937500000000003,-0.0027889013290405273,0.06237499999999996
pubcov,xgb,TX,2014,geographic,0.0020000000000000018,0.006134688854217529,-0.06625000000000003
pubcov,xgb,TX,2015,combined,0.00462499999999999,0.006619393825531006,-0.06674999999999998
pubcov,xgb,TX,2016,combined,0.001375000000000015,0.004587352275848389,-0.06425000000000003
pubcov,xgb,TX,2017,combined,0.0011250000000000426,0.006326258182525635,-0.05874999999999997
pubcov,xgb,TX,2018,combined,-0.007750000000000035,0.003182053565979004,-0.06562500000000004
pubcov,xgb,NY,2014,geographic,-0.023375000000000035,-0.005741298198699951,0.029000000000000026
pubcov,xgb,NY,2015,combined,-0.021499999999999964,-0.0056226253509521484,0.05049999999999999
pubcov,xgb,NY,2016,combined,-0.02849999999999997,-0.005534231662750244,0.06174999999999997
pubcov,xgb,NY,2017,combined,-0.026249999999999996,-0.007880568504333496,0.05812499999999998
pubcov,xgb,NY,2018,combined,-0.03049999999999997,-0.006962895393371582,0.05962500000000004
pubcov,xgb,FL,2014,geographic,0.006750000000000034,0.0036016106605529785,-0.040874999999999995
pubcov,xgb,FL,2015,combined,0.0008749999999999591,0.0027139782905578613,-0.030749999999999944
pubcov,xgb,FL,2016,combined,-0.00649999999999995,0.0016759634017944336,-0.03737500000000005
pubcov,xgb,FL,2017,combined,-0.013499999999999956,-0.002592742443084717,-0.03774999999999995
pubcov,xgb,FL,2018,combined,-0.007624999999999993,-3.2782554626464844e-05,-0.04062500000000002
pubcov,xgb,PA,2014,geographic,-0.029625000000000012,-0.0041179656982421875,-0.06387500000000002
pubcov,xgb,PA,2015,combined,-0.019625000000000004,-0.00373762845993042,-0.03774999999999995
pubcov,xgb,PA,2016,combined,-0.029124999999999956,-0.005057156085968018,-0.029124999999999956
pubcov,xgb,PA,2017,combined,-0.03287499999999999,-0.007053792476654053,-0.022249999999999992
pubcov,xgb,PA,2018,combined,-0.033499999999999974,-0.005664527416229248,-0.016874999999999973
pubcov,xgb,OH,2014,geographic,-0.012125000000000052,0.001063525676727295,-0.027124999999999955
pubcov,xgb,OH,2015,combined,0.0003750000000000142,0.0034642815589904785,0.0
pubcov,xgb,OH,2016,combined,-0.008624999999999994,0.00028765201568603516,0.0014999999999999458
pubcov,xgb,OH,2017,combined,-0.02212499999999995,-0.002191305160522461,0.013000000000000012
pubcov,xgb,OH,2018,combined,-0.02112499999999995,-0.0013187527656555176,-0.0004999999999999449
pubcov,xgb,IL,2014,geographic,-0.021499999999999964,-0.005072474479675293,-0.025249999999999995
pubcov,xgb,IL,2015,combined,-0.02012499999999995,-0.005312025547027588,-0.007750000000000035
pubcov,xgb,IL,2016,combined,-0.02287499999999998,-0.006101846694946289,-0.0016249999999999876
pubcov,xgb,IL,2017,combined,-0.02100000000000002,-0.005927741527557373,-0.0063750000000000195
pubcov,xgb,IL,2018,combined,-0.022750000000000048,-0.007016420364379883,-0.013375000000000026
pubcov,xgb,GA,2014,geographic,0.00737500000000002,0.004839479923248291,-0.05249999999999999
pubcov,xgb,GA,2015,combined,0.005874999999999964,0.004772186279296875,-0.056625000000000036
pubcov,xgb,GA,2016,combined,0.0022499999999999742,0.0027891993522644043,-0.059250000000000025
pubcov,xgb,GA,2017,combined,0.005249999999999977,0.004195511341094971,-0.053875000000000006
pubcov,xgb,GA,2018,combined,0.005750000000000033,0.004977405071258545,-0.05412499999999998
pubcov,xgb,NC,2014,geographic,-0.010624999999999996,-0.002262115478515625,-0.06087500000000001
pubcov,xgb,NC,2015,combined,-0.004249999999999976,-0.0014587044715881348,-0.04762500000000003
pubcov,xgb,NC,2016,combined,-0.007499999999999951,-0.001477360725402832,-0.03674999999999995
pubcov,xgb,NC,2017,combined,-0.02487499999999998,-0.00516355037689209,-0.04800000000000004
pubcov,xgb,NC,2018,combined,-0.021499999999999964,-0.004422545433044434,-0.052749999999999964
pubcov,xgb,WA,2014,geographic,-0.009624999999999995,-0.0031921863555908203,-0.026124999999999954
pubcov,xgb,WA,2015,combined,-0.007249999999999979,-0.003286302089691162,0.00924999999999998
pubcov,xgb,WA,2016,combined,-0.00924999999999998,-0.0032697319984436035,0.011125000000000052
pubcov,xgb,WA,2017,combined,-0.01287499999999997,-0.003992736339569092,0.017124999999999946
pubcov,xgb,WA,2018,combined,-0.012499999999999956,-0.0038672685623168945,0.009375000000000022
pubcov,xgb,AZ,2014,geographic,0.028750000000000053,0.01265251636505127,0.007249999999999979
pubcov,xgb,AZ,2015,combined,0.027375000000000038,0.012891113758087158,0.033499999999999974
pubcov,xgb,AZ,2016,combined,0.02024999999999999,0.01074129343032837,0.03200000000000003
pubcov,xgb,AZ,2017,combined,0.014624999999999999,0.010119974613189697,0.03287499999999999
pubcov,xgb,AZ,2018,combined,0.011125000000000052,0.009691178798675537,0.01849999999999996
pubcov,xgb,MA,2014,geographic,-0.042749999999999955,-0.017122268676757812,0.010874999999999968
pubcov,xgb,MA,2015,combined,-0.041874999999999996,-0.016484200954437256,0.016000000000000014
pubcov,xgb,MA,2016,combined,-0.04574999999999996,-0.016097843647003174,0.01849999999999996
pubcov,xgb,MA,2017,combined,-0.051124999999999976,-0.019043385982513428,0.012624999999999997
pubcov,xgb,MA,2018,combined,-0.050000000000000044,-0.01840156316757202,0.010000000000000009
mobility,logreg,CA,2015,temporal,-0.0040000000000000036,5.984306335449219e-05,0.0050000000000000044
mobility,logreg,CA,2016,temporal,0.010874999999999968,0.002009749412536621,0.005125000000000046
mobility,logreg,CA,2017,temporal,0.0030000000000000027,0.0014582276344299316,0.005750000000000033
mobility,logreg,CA,2018,temporal,0.01012500000000005,0.0019418597221374512,-0.0017500000000000293
mobility,logreg,TX,2014,geographic,0.031750000000000056,0.001354515552520752,0.05974999999999997
mobility,logreg,TX,2015,combined,0.022750000000000048,0.0014640092849731445,0.05812499999999998
mobility,logreg,TX,2016,combined,0.02575000000000005,0.0024863481521606445,0.04837500000000006
mobility,logreg,TX,2017,combined,0.03512500000000007,0.0034360289573669434,0.04375000000000007
mobility,logreg,TX,2018,combined,0.02749999999999997,0.0029558539390563965,0.04562500000000003
mobility,logreg,NY,2014,geographic,0.043875,0.00436246395111084,-0.026249999999999996
mobility,logreg,NY,2015,combined,0.050000000000000044,0.004600405693054199,-0.016000000000000014
mobility,logreg,NY,2016,combined,0.058250000000000024,0.005252838134765625,-0.016249999999999987
mobility,logreg,NY,2017,combined,0.051124999999999976,0.004912078380584717,-0.011749999999999927
mobility,logreg,NY,2018,combined,0.047375000000000056,0.0051119327545166016,-0.008624999999999994
mobility,logreg,FL,2014,geographic,-0.003249999999999975,0.0006239414215087891,0.06362500000000004
mobility,logreg,FL,2015,combined,0.014624999999999999,0.0016925930976867676,0.04749999999999999
mobility,logreg,FL,2016,combined,0.006125000000000047,0.0008818507194519043,0.05600000000000005
mobility,logreg,FL,2017,combined,0.013000000000000012,0.0012859106063842773,0.04149999999999998
mobility,logreg,FL,2018,combined,0.008375000000000021,0.0016764998435974121,0.04712499999999997
mobility,logreg,PA,2014,geographic,0.04775000000000007,0.005080223083496094,0.0016249999999999876
mobility,logreg,PA,2015,combined,0.05774999999999997,0.005073487758636475,0.017750000000000044
mobility,logreg,PA,2016,combined,0.04700000000000004,0.005420804023742676,0.012375000000000025
mobility,logreg,PA,2017,combined,0.05687500000000001,0.006037771701812744,0.030750000000000055
mobility,logreg,PA,2018,combined,0.05425000000000002,0.0059577226638793945,0.029125000000000068
mobility,logreg,OH,2014,geographic,0.047875,0.0047043561935424805,0.05337500000000006
mobility,logreg,OH,2015,combined,0.04600000000000004,0.0049228668212890625,0.05812499999999998
mobility,logreg,OH,2016,combined,0.039000000000000035,0.004422605037689209,0.06374999999999997
mobility,logreg,OH,2017,combined,0.04562500000000003,0.004943490028381348,0.055749999999999966
mobility,logreg,OH,2018,combined,0.05874999999999997,0.005670309066772461,0.048875
mobility,logreg,IL,2014,geographic,0.05425000000000002,0.004986703395843506,0.039000000000000035
mobility,logreg,IL,2015,combined,0.046375000000000055,0.005107223987579346,0.026499999999999968
mobility,logreg,IL,2016,combined,0.049875,0.006046772003173828,0.019874999999999976
mobility,logreg,IL,2017,combined,0.04237500000000005,0.005816042423248291,0.026499999999999968
mobility,logreg,IL,2018,combined,0.04525000000000001,0.005664825439453125,0.017000000000000015
mobility,logreg,GA,2014,geographic,0.019750000000000045,0.0015682578086853027,0.06487500000000002
mobility,logreg,GA,2015,combined,0.021375000000000033,0.00198441743850708,0.04875000000000007
mobility,logreg,GA,2016,combined,0.04137500000000005,0.002874910831451416,0.080125
mobility,logreg,GA,2017,combined,0.03462500000000002,0.003278672695159912,0.053749999999999964
mobility,logreg,GA,2018,combined,0.03425,0.003042757511138916,0.04625000000000001
mobility,logreg,NC,2014,geographic,0.072125,0.006611168384552002,0.06625000000000003
mobility,logreg,NC,2015,combined,0.05162500000000003,0.004790067672729492,0.07787500000000003
mobility,logreg,NC,2016,combined,0.057499999999999996,0.005433022975921631,0.06237500000000007
mobility,logreg,NC,2017,combined,0.07012499999999999,0.007174968719482422,0.05774999999999997
mobility,logreg,NC,2018,combined,0.05874999999999997,0.006389796733856201,0.05500000000000005
mobility,logreg,WA,2014,geographic,0.040000000000000036,0.004292011260986328,0.08825000000000005
mobility,logreg,WA,2015,combined,0.03975000000000006,0.005133450031280518,0.09562500000000007
mobility,logreg,WA,2016,combined,0.047875,0.005414843559265137,0.09450000000000003
mobility,logreg,WA,2017,combined,0.04212499999999997,0.005408227443695068,0.09387500000000004
mobility,logreg,WA,2018,combined,0.05437500000000006,0.006468415260314941,0.08975
mobility,logreg,AZ,2014,geographic,0.004750000000000032,-0.0007493495941162109,0.078125
mobility,logreg,AZ,2015,combined,0.008500000000000063,-0.0002842545509338379,0.07150000000000001
mobility,logreg,AZ,2016,combined,0.009375000000000022,4.887580871582031e-05,0.07262500000000005
mobility,logreg,AZ,2017,combined,0.011375000000000024,0.0010422468185424805,0.07574999999999998
mobility,logreg,AZ,2018,combined,0.015125000000000055,0.0017816424369812012,0.05812499999999998
mobility,logreg,MA,2014,geographic,0.111375,0.010479390621185303,0.041750000000000065
mobility,logreg,MA,2015,combined,0.10950000000000004,0.010012328624725342,0.04437500000000005
mobility,logreg,MA,2016,combined,0.11299999999999999,0.010498285293579102,0.03849999999999998
mobility,logreg,MA,2017,combined,0.10250000000000004,0.01024019718170166,0.05212499999999998
mobility,logreg,MA,2018,combined,0.10375000000000001,0.010870754718780518,0.03862500000000002
mobility,rf,CA,2015,temporal,-0.009124999999999939,0.0010116746518964437,0.009375000000000022
mobility,rf,CA,2016,temporal,0.00024999999999997247,0.0030406295599658684,0.003874999999999962
mobility,rf,CA,2017,temporal,-0.0017500000000000293,0.002035669142256502,0.007750000000000035
mobility,rf,CA,2018,temporal,0.010500000000000065,0.003472880743476403,0.002874999999999961
mobility,rf,TX,2014,geographic,0.015249999999999986,0.005524968983724121,0.0595
mobility,rf,TX,2015,combined,0.01475000000000004,0.005237535010038097,0.058250000000000024
mobility,rf,TX,2016,combined,0.009624999999999995,0.0049524157554838855,0.04949999999999999
mobility,rf,TX,2017,combined,0.015125000000000055,0.0058075556457111155,0.04675000000000007
mobility,rf,TX,2018,combined,0.014249999999999985,0.005741340534865524,0.05037500000000006
mobility,rf,NY,2014,geographic,0.02949999999999997,0.008629619708800718,-0.015625
mobility,rf,NY,2015,combined,0.024375000000000036,0.007215136460418048,-0.009750000000000036
mobility,rf,NY,2016,combined,0.023249999999999993,0.007597699351818754,-0.008750000000000036
mobility,rf,NY,2017,combined,0.038124999999999964,0.01030862936494803,-0.004874999999999963
mobility,rf,NY,2018,combined,0.03137500000000004,0.00797295695673339,-0.0031249999999999334
mobility,rf,FL,2014,geographic,-0.01387499999999997,0.0005371713264155087,0.0635
mobility,rf,FL,2015,combined,0.0016249999999999876,0.004198877237935883,0.04612499999999997
mobility,rf,FL,2016,combined,-0.005124999999999935,0.0022639412316195484,0.05887500000000001
mobility,rf,FL,2017,combined,0.0015000000000000568,0.0033289308562451936,0.04337500000000005
mobility,rf,FL,2018,combined,0.006249999999999978,0.004242189100998162,0.04874999999999996
mobility,rf,PA,2014,geographic,0.0036249999999999893,0.004223779043311504,0.003750000000000031
mobility,rf,PA,2015,combined,0.021750000000000047,0.007388904585095779,0.021499999999999964
mobility,rf,PA,2016,combined,0.012624999999999997,0.005933965370694905,0.01475000000000004
mobility,rf,PA,2017,combined,0.022625000000000006,0.008885971935800985,0.031625000000000014
mobility,rf,PA,2018,combined,0.013375000000000026,0.007168534680456307,0.032625000000000015
mobility,rf,OH,2014,geographic,0.0045000000000000595,0.005735479702029256,0.056375000000000064
mobility,rf,OH,2015,combined,0.003375000000000017,0.006066151941872433,0.059250000000000025
mobility,rf,OH,2016,combined,0.0050000000000000044,0.006016693226294945,0.06500000000000006
mobility,rf,OH,2017,combined,0.0040000000000000036,0.005350078427114435,0.05625000000000002
mobility,rf,OH,2018,combined,0.015625,0.007771582836569424,0.05074999999999996
mobility,rf,IL,2014,geographic,0.017874999999999974,0.006927989931929668,0.03562500000000002
mobility,rf,IL,2015,combined,0.02024999999999999,0.005869191042476851,0.028000000000000025
mobility,rf,IL,2016,combined,0.020750000000000046,0.007714884512857845,0.021874999999999978
mobility,rf,IL,2017,combined,0.015874999999999972,0.007379517924410162,0.030000000000000027
mobility,rf,IL,2018,combined,0.027874999999999983,0.008522811127315455,0.020000000000000018
mobility,rf,GA,2014,geographic,0.024249999999999994,0.007512787588427661,0.06425000000000003
mobility,rf,GA,2015,combined,0.02100000000000002,0.008707390415945593,0.05149999999999999
mobility,rf,GA,2016,combined,0.035375000000000045,0.010200988768682362,0.07999999999999996
mobility,rf,GA,2017,combined,0.02387499999999998,0.008576505092560471,0.05300000000000005
mobility,rf,GA,2018,combined,0.026375000000000037,0.008844038008564814,0.04525000000000001
mobility,rf,NC,2014,geographic,0.034499999999999975,0.011329524492267096,0.06600000000000006
mobility,rf,NC,2015,combined,0.030750000000000055,0.009945428260821898,0.07850000000000001
mobility,rf,NC,2016,combined,0.02937500000000004,0.009320801178675286,0.06225000000000003
mobility,rf,NC,2017,combined,0.040124999999999966,0.011792365608872535,0.0595
mobility,rf,NC,2018,combined,0.04349999999999998,0.011943370586685487,0.05687500000000001
mobility,rf,WA,2014,geographic,0.03775000000000006,0.010336725563375282,0.08687500000000004
mobility,rf,WA,2015,combined,0.027750000000000052,0.00847719714534989,0.09425000000000006
mobility,rf,WA,2016,combined,0.031625000000000014,0.010023711440087957,0.09387500000000004
mobility,rf,WA,2017,combined,0.02124999999999999,0.007132494334175066,0.08899999999999997
mobility,rf,WA,2018,combined,0.027874999999999983,0.008728658911085763,0.09237499999999998
mobility,rf,AZ,2014,geographic,-0.0017500000000000293,0.0017455510794112117,0.07687500000000003
mobility,rf,AZ,2015,combined,0.0025000000000000577,0.003491061625184977,0.07200000000000006
mobility,rf,AZ,2016,combined,0.0006249999999999867,0.0021847385965558797,0.07300000000000006
mobility,rf,AZ,2017,combined,0.00462499999999999,0.003894301941952283,0.07700000000000007
mobility,rf,AZ,2018,combined,-0.0034999999999999476,0.004197084839210108,0.060124999999999984
mobility,rf,MA,2014,geographic,0.06987500000000002,0.017825273506342776,0.04412499999999997
mobility,rf,MA,2015,combined,0.0645,0.015279563523149742,0.04062500000000002
mobility,rf,MA,2016,combined,0.07137499999999997,0.01650182710219672,0.039874999999999994
mobility,rf,MA,2017,combined,0.07387500000000002,0.01821633100636144,0.05800000000000005
mobility,rf,MA,2018,combined,0.072125,0.01813703498017183,0.037250000000000005
mobility,xgb,CA,2015,temporal,-0.016000000000000014,-0.00021517276763916016,0.007624999999999993
mobility,xgb,CA,2016,temporal,-0.005875000000000075,0.0017328858375549316,0.00374999999999992
mobility,xgb,CA,2017,temporal,-0.0063750000000000195,0.0012589097023010254,0.006249999999999978
mobility,xgb,CA,2018,temporal,-0.005250000000000088,0.0008032321929931641,-0.0003750000000000142
mobility,xgb,TX,2014,geographic,0.010624999999999996,0.004574239253997803,0.05912499999999998
mobility,xgb,TX,2015,combined,0.007624999999999993,0.004995524883270264,0.055624999999999925
mobility,xgb,TX,2016,combined,0.0040000000000000036,0.004744768142700195,0.046624999999999917
mobility,xgb,TX,2017,combined,0.014124999999999943,0.0062236785888671875,0.042749999999999955
mobility,xgb,TX,2018,combined,0.004249999999999976,0.004191339015960693,0.04574999999999996
mobility,xgb,NY,2014,geographic,0.013624999999999998,0.006770670413970947,-0.016750000000000043
mobility,xgb,NY,2015,combined,0.012749999999999928,0.0061476826667785645,-0.01200000000000001
mobility,xgb,NY,2016,combined,0.013249999999999984,0.005608677864074707,-0.011250000000000093
mobility,xgb,NY,2017,combined,0.03037499999999993,0.009631693363189697,-0.008000000000000007
mobility,xgb,NY,2018,combined,0.02299999999999991,0.007656514644622803,-0.0050000000000000044
mobility,xgb,FL,2014,geographic,-0.022375000000000034,-0.0015829205513000488,0.0598749999999999
mobility,xgb,FL,2015,combined,-0.007125000000000048,0.003604590892791748,0.04112499999999997
mobility,xgb,FL,2016,combined,-0.01750000000000007,-9.119510650634766e-06,0.05824999999999991
mobility,xgb,FL,2017,combined,-0.01200000000000001,0.0020117759704589844,0.03837499999999994
mobility,xgb,FL,2018,combined,-0.004125000000000045,0.0030784010887145996,0.046875
mobility,xgb,PA,2014,geographic,0.009499999999999953,0.004183828830718994,0.0012499999999999734
mobility,xgb,PA,2015,combined,0.020499999999999963,0.007129371166229248,0.019499999999999962
mobility,xgb,PA,2016,combined,0.0031249999999999334,0.004203975200653076,0.010749999999999926
mobility,xgb,PA,2017,combined,0.021874999999999978,0.008199036121368408,0.030874999999999986
mobility,xgb,PA,2018,combined,0.008749999999999925,0.005850315093994141,0.02849999999999997
mobility,xgb,OH,2014,geographic,0.004374999999999907,0.006384015083312988,0.053749999999999964
mobility,xgb,OH,2015,combined,-0.0007500000000000284,0.004805445671081543,0.052999999999999936
mobility,xgb,OH,2016,combined,0.008874999999999966,0.006422460079193115,0.06299999999999994
mobility,xgb,OH,2017,combined,-0.0026250000000000995,0.004654884338378906,0.05399999999999994
mobility,xgb,OH,2018,combined,0.005124999999999935,0.006045699119567871,0.04849999999999999
mobility,xgb,IL,2014,geographic,0.015874999999999972,0.006673574447631836,0.03412499999999996
mobility,xgb,IL,2015,combined,0.013499999999999956,0.005851149559020996,0.026374999999999926
mobility,xgb,IL,2016,combined,0.01200000000000001,0.007523059844970703,0.017999999999999905
mobility,xgb,IL,2017,combined,0.015874999999999972,0.006934463977813721,0.030749999999999944
mobility,xgb,IL,2018,combined,0.021625000000000005,0.00814974308013916,0.01749999999999996
mobility,xgb,GA,2014,geographic,0.013499999999999956,0.006051003932952881,0.0608749999999999
mobility,xgb,GA,2015,combined,0.013249999999999984,0.008178949356079102,0.050249999999999906
mobility,xgb,GA,2016,combined,0.026999999999999913,0.009539008140563965,0.07599999999999996
mobility,xgb,GA,2017,combined,0.011624999999999996,0.006927609443664551,0.05037499999999995
mobility,xgb,GA,2018,combined,0.01474999999999993,0.00872737169265747,0.04225000000000001
mobility,xgb,NC,2014,geographic,0.030624999999999902,0.011558234691619873,0.06274999999999997
mobility,xgb,NC,2015,combined,0.021874999999999978,0.008591413497924805,0.075125
mobility,xgb,NC,2016,combined,0.026249999999999996,0.009697675704956055,0.05999999999999994
mobility,xgb,NC,2017,combined,0.03149999999999997,0.01067054271697998,0.057374999999999954
mobility,xgb,NC,2018,combined,0.02949999999999997,0.009920477867126465,0.05349999999999999
mobility,xgb,WA,2014,geographic,0.028374999999999928,0.009369194507598877,0.08374999999999999
mobility,xgb,WA,2015,combined,0.012124999999999941,0.006552398204803467,0.08999999999999997
mobility,xgb,WA,2016,combined,0.019124999999999948,0.009420692920684814,0.08962499999999995
mobility,xgb,WA,2017,combined,0.00649999999999995,0.006184756755828857,0.08599999999999997
mobility,xgb,WA,2018,combined,0.018124999999999947,0.007292747497558594,0.08899999999999997
mobility,xgb,AZ,2014,geographic,-0.013875000000000082,0.000695347785949707,0.072125
mobility,xgb,AZ,2015,combined,-0.011250000000000093,0.0020145177841186523,0.0675
mobility,xgb,AZ,2016,combined,-0.00725000000000009,0.0008053183555603027,0.07237499999999997
mobility,xgb,AZ,2017,combined,-0.003250000000000086,0.0030826926231384277,0.07324999999999993
mobility,xgb,AZ,2018,combined,-0.012125000000000052,0.0026817917823791504,0.05449999999999999
mobility,xgb,MA,2014,geographic,0.0615,0.01705801486968994,0.039999999999999925
mobility,xgb,MA,2015,combined,0.05874999999999997,0.017265498638153076,0.03937499999999994
mobility,xgb,MA,2016,combined,0.060374999999999956,0.016435861587524414,0.035250000000000004
mobility,xgb,MA,2017,combined,0.06374999999999997,0.01871180534362793,0.05424999999999991
mobility,xgb,MA,2018,combined,0.06674999999999998,0.018675804138183594,0.03249999999999997
